日期,cp,pb,pe
2019/6/26,746.47,1.707945427285102,46.20207049014222
2019/6/25,763.19,1.7736471546035182,47.847623685681526
2019/6/24,761.69,1.7636645350171034,47.88981735736203
2019/6/21,763.68,1.8031322363272713,48.9446591493744
2019/6/20,752.38,1.7686048097950764,47.55588131284066
2019/6/19,709.85,1.6535112213051584,43.22680332786009
2019/6/18,694.83,1.5998008800098633,42.22450448404686
2019/6/17,695.93,1.6104719651115489,42.80029318155659
2019/6/14,690.91,1.5579915440026755,38.81235361232173
2019/6/13,704.99,1.5917614645983162,39.82880630512696
2019/6/12,700.17,1.5771092939208184,39.54278531765269
2019/6/11,708.9,1.5865022616685205,40.14358884794171
2019/6/10,673.34,1.5117310375284627,38.293840912153954
2019/6/6,682.11,1.518065467012076,37.57372908992311
2019/6/5,689.06,1.5316526183906598,38.51814377703728
2019/6/4,683.69,1.5391698967785774,38.433856028965934
2019/6/3,685.89,1.5355196936484459,38.90296740759298
2019/5/31,685.71,1.534447335671905,38.94411282265361
2019/5/30,689.51,1.547592688024651,39.14577900338661
2019/5/29,698.5,1.57148980871261,39.728073802765344
2019/5/28,702.0,1.5711381634908343,39.42148010776076
2019/5/27,701.59,1.5789817527353551,39.64777989059419
2019/5/24,681.85,1.5225774033222363,38.54284443780765
2019/5/23,682.01,1.5110143678524266,38.388515601995344
2019/5/22,683.74,1.518337756255494,38.74863857178068
2019/5/21,690.99,1.5465215961197958,39.3967794469904
2019/5/20,681.08,1.5237904455910587,38.76095537283091
2019/5/17,674.07,1.5097077139967985,38.38651868404524
2019/5/16,703.59,1.5834450098360673,40.417360093035676
2019/5/15,703.6,1.5784992399146518,40.075745854160616
2019/5/14,691.11,1.5469225742306407,39.46875039401153
2019/5/13,698.74,1.567214281855931,40.11689126922124
2019/5/10,715.19,1.5964900051175055,41.2979926809389
2019/5/9,683.96,1.5412442188340192,39.340634393155
2019/5/8,693.76,1.5559647047818213,39.73780537595015
2019/5/7,704.12,1.5838456805982684,40.634486750882104
2019/5/6,694.24,1.565690504109022,39.92767689851238
2019/4/30,767.07,1.7270062110913091,44.24655119832306
2019/4/29,762.82,1.7156283504699978,47.11701728026698
2019/4/26,795.41,1.8170712412200605,49.32525231325538
2019/4/25,790.29,1.7838575065638116,50.778777363120994
2019/4/24,815.62,1.8413948806959437,60.23294081324283
2019/4/23,808.2,1.829552917309748,60.937545859740716
2019/4/22,803.38,1.83360638264608,57.223173536084715
2019/4/19,823.86,1.8870227960266803,64.2816971971707
2019/4/18,813.27,1.816491427718428,66.81273100341372
2019/4/17,819.12,1.835665408117904,67.36332656476722
2019/4/16,826.67,1.8766387179298218,68.07781046333365
2019/4/15,804.68,1.813013456913367,65.91285400074995
2019/4/12,821.75,1.8570744715108012,67.33713542916
2019/4/11,818.1,1.8527349158485795,67.4616725410192
2019/4/10,837.11,1.924767597961528,68.71587284916022
2019/4/9,849.19,1.9430557951191825,70.86587394488382
2019/4/8,848.23,1.8698081610737531,68.75307513229606
2019/4/4,867.77,1.9084325068707564,70.40260573540392
2019/4/3,867.37,1.9393754079566308,70.19080728973512
2019/4/2,826.29,1.8190032585320828,66.87536427572347
2019/4/1,828.83,1.8274418862140385,66.39712515824385
2019/3/29,812.4,1.7927559390888643,64.66752639212822
2019/3/28,753.29,1.6917083069928678,48.642371860830174
2019/3/27,758.91,1.702402667226042,46.44305320679289
2019/3/26,755.01,1.6828935166238406,46.258677326627954
2019/3/25,779.48,1.7490786503402391,50.953326793685456
2019/3/22,810.48,1.8172560863534704,53.04741686727839
2019/3/21,819.64,1.8438096584350296,53.504265313528784
2019/3/20,807.32,1.8293007679139364,52.635875222633715
2019/3/19,795.98,1.7946076247999834,51.98094825856671
2019/3/18,804.38,1.8113513712677431,52.60779864654667
2019/3/15,785.08,1.7538079000756532,50.04000901495381
2019/3/14,774.47,1.7241518746923787,50.52444029821415
2019/3/13,802.02,1.768537649327706,53.08935243827373
2019/3/12,817.09,1.8031580737088864,52.585511541479605
2019/3/11,807.81,1.787308332484811,51.94439009704421
2019/3/8,797.21,1.7721396586218343,51.11978655254299
2019/3/7,873.01,1.9680419708721428,54.0600854420451
2019/3/6,841.35,1.9242970901706815,52.900431842616655
2019/3/5,798.27,1.8314950008072848,50.037851681089414
2019/3/4,796.26,1.8365142196169757,50.377163989018605
2019/3/1,790.25,1.8237474509843845,50.40119550686418
2019/2/28,764.17,1.7653777207983918,47.748537698208715
2019/2/27,792.03,1.848308572100566,50.11214567636035
2019/2/26,797.74,1.8452095521714056,47.80104837772356
2019/2/25,813.4,1.9181005701684053,49.04852431475329
2019/2/22,739.45,1.7432978630735452,44.5984418214105
2019/2/21,674.21,1.5843936455310643,40.76430700756171
2019/2/20,668.94,1.5809719136766422,39.53241164857373
2019/2/19,665.2,1.5722720870444182,39.48045680732483
2019/2/18,660.95,1.5704322376942172,38.28642318483336
2019/2/15,624.95,1.4657243382408347,35.86412526543754
2019/2/14,638.79,1.4755508576783731,36.471957332020224
2019/2/13,641.03,1.4695573523015004,35.53255305063401
2019/2/12,619.53,1.4102352797920945,33.419821730777024
2019/2/11,615.22,1.3993746221845231,33.10893087407245
2019/2/1,604.81,1.3663394308499552,32.48608997554857
2019/1/31,588.9,1.3338657717296851,31.36522845562857
2019/1/30,581.98,1.3303182452137199,31.479705062083728
2019/1/29,589.46,1.3399767335546908,31.732767378418664
2019/1/28,594.93,1.3707262148953552,32.41962701714957
2019/1/25,596.33,1.3832092565798255,32.71728284785772
2019/1/24,598.42,1.4037819115835528,33.12941528502102
2019/1/23,589.1,1.3864636029155433,32.631720511587375
2019/1/22,590.09,1.3969595709918003,32.946236060768015
2019/1/21,599.1,1.414231091848117,33.207728236339214
2019/1/18,602.65,1.4179355755051524,33.56683729989306
2019/1/17,594.92,1.4033181451431502,32.949860753244096
2019/1/16,601.04,1.4097760194492293,33.480094489338626
2019/1/15,606.73,1.4328187417095857,34.03199311066581
2019/1/14,591.59,1.40896725183015,33.042672474466585
2019/1/11,593.75,1.4172846609841412,33.56928151808505
2019/1/10,590.26,1.4028518657464728,32.87997766116215
2019/1/9,597.22,1.43096208631771,33.50420359276326
2019/1/8,596.23,1.4230102268177258,33.23990135325397
2019/1/7,594.37,1.4169667001009398,33.14228446527131
2019/1/4,593.74,1.3992738181890876,33.350641325309496
2019/1/3,556.09,1.2932379435254429,30.79064877240359
2019/1/2,544.01,1.2797197823754698,30.08162684742068
2018/12/28,545.35,1.2789245964254716,30.339395997940176
2018/12/27,534.83,1.2569820770141478,29.658370393124407
2018/12/26,535.91,1.25944254065051,29.74827943353921
2018/12/25,539.3,1.2602377266005087,30.05254560917063
2018/12/24,551.31,1.275904397701982,31.063947932444353
2018/12/21,556.35,1.2809072365496783,31.620651720531697
2018/12/20,566.42,1.3138600634057254,32.0942373905407
2018/12/19,561.04,1.301875365706888,31.68084058859569
2018/12/18,565.95,1.3140942803701614,32.016826109445944
2018/12/17,575.47,1.3229716687693291,32.64613601186788
2018/12/14,572.38,1.2664498151751795,35.390236591908796
2018/12/13,589.19,1.309838037755989,36.64714582457208
2018/12/12,582.57,1.2858193838654906,36.668977900683366
2018/12/11,580.82,1.2842693185944636,36.824673491553796
2018/12/10,578.87,1.2854313816545928,36.812657732631024
2018/12/7,586.85,1.2989900797378104,37.32526116530475
2018/12/6,584.9,1.2846564878456908,37.418169244701254
2018/12/5,600.79,1.315649463669529,38.222531224738795
2018/12/4,608.93,1.3361813730731928,38.97223184388242
2018/12/3,602.5,1.3071264647312797,39.046525839153375
2018/11/30,585.3,1.2813519681753156,38.50447345491409
2018/11/29,576.12,1.2681659892029242,37.433402995609775
2018/11/28,595.8,1.3202891546640272,39.2568827909177
2018/11/27,580.83,1.2964159312954042,37.78963922105601
2018/11/26,578.7,1.2872069157157209,37.55795946830611
2018/11/23,581.32,1.2911156817775244,37.686914824470975
2018/11/22,600.41,1.335074779024812,39.14096174392708
2018/11/21,606.46,1.3519562198783794,39.819077084659746
2018/11/20,605.42,1.3480280768801842,39.694520611963405
2018/11/19,634.38,1.4131973394768138,41.948021352862796
2018/11/16,615.39,1.3741616005277044,39.323397569503065
2018/11/15,600.34,1.3534282187316284,38.337618314141004
2018/11/14,583.62,1.3080097101087842,37.11745058916907
2018/11/13,593.07,1.3270396597980758,37.74259473561635
2018/11/12,578.14,1.3012125841387057,37.13386523156037
2018/11/9,567.95,1.2764536412813017,36.57049004633553
2018/11/8,567.53,1.2784921417455757,35.843130778428936
2018/11/7,576.66,1.2961624841474952,36.220180529734996
2018/11/6,587.65,1.3240307916714944,37.06549794513514
2018/11/5,592.42,1.333062858851949,37.69335080844242
2018/11/2,592.24,1.3311166607266238,37.127266906357576
2018/11/1,577.33,1.2940243976099923,36.34371845217989
2018/10/31,571.29,1.2733470080150613,36.51802812717588
2018/10/30,577.76,1.316471053350453,28.52305167964227
2018/10/29,550.96,1.2637606389162714,25.69891166375201
2018/10/26,555.67,1.3097956996365352,24.98326673120519
2018/10/25,570.85,1.320526162747948,25.773926030229696
2018/10/24,548.75,1.268021856269234,23.98741591654514
2018/10/23,536.3,1.236745539322725,23.31969598364566
2018/10/22,537.5,1.2437824685945715,23.23084159435643
2018/10/19,488.63,1.1338072053864994,21.123970086270702
2018/10/18,472.62,1.0805053303677594,20.38710901377969
2018/10/17,481.27,1.102137973877153,20.85449323994014
2018/10/16,475.56,1.088342932287521,20.870321739348952
2018/10/15,479.19,1.1056729266657281,20.978889019227765
2018/10/12,485.61,1.1012504692725775,21.17480318014512
2018/10/11,495.55,1.121130585334901,21.899286472237176
2018/10/10,534.35,1.1968854819395367,24.06654199964221
2018/10/9,532.37,1.1919130987696342,24.090755949584533
2018/10/8,533.21,1.1935033028984297,24.232324018784947
2018/9/28,554.18,1.2500716023421043,25.418932269947828
2018/9/27,549.4,1.2330654814858804,25.23860941044077
2018/9/26,553.21,1.2506153822777446,25.712843909296762
2018/9/25,550.21,1.24041095542398,25.6047618632698
2018/9/21,556.58,1.2521313914428918,25.93046478023056
2018/9/20,543.72,1.2374404435666926,25.19651726549933
2018/9/19,544.54,1.2466774660136315,25.322370189384127
2018/9/18,541.09,1.2262012781129763,25.393453700815517
2018/9/17,531.25,1.209392088609608,24.843469324192466
2018/9/14,533.67,1.220269545066115,24.600919441203366
2018/9/13,536.42,1.224902087737227,24.80260947973678
2018/9/12,529.03,1.2131713963494173,24.453129955585844
2018/9/11,526.8,1.1987277892103785,23.969770513815114
2018/9/10,524.04,1.19079617746884,23.619422130126637
2018/9/7,539.98,1.2499629629916935,24.45921457748097
2018/9/6,539.19,1.2366206858682078,24.158419843888325
2018/9/5,540.97,1.243416554752949,24.292299761508108
2018/9/4,549.47,1.2543634715820424,24.444436149945698
2018/9/3,544.48,1.2500442889720411,24.144510275890585
2018/8/31,546.76,1.2517719620160421,24.353153795856663
2018/8/30,544.52,1.2543634715820424,23.807349817606212
2018/8/29,552.45,1.2533885385047867,24.307873635925088
2018/8/28,555.39,1.264743992128458,24.420711498119783
2018/8/27,558.98,1.271016897672934,24.60767492268167
2018/8/24,551.71,1.255277583215812,24.24185920278396
2018/8/23,550.66,1.2487497175554991,24.198225028303533
2018/8/22,546.55,1.243907046335594,23.35601914429107
2018/8/21,550.07,1.2568037765390967,23.75828761455349
2018/8/20,546.78,1.2460480035974753,23.644833401180573
2018/8/17,537.24,1.2340463996769355,23.049970079339104
2018/8/16,543.52,1.2354449980359965,23.32985276805095
2018/8/15,538.14,1.2265519443268875,23.11658160277481
2018/8/14,550.05,1.253340435206636,23.72120679938265
2018/8/13,551.06,1.2513316008083095,23.79574102825282
2018/8/10,554.02,1.261805460247747,23.84840685893373
2018/8/9,553.68,1.2714742515692092,23.8510283117556
2018/8/8,543.46,1.2454634600814658,23.24218728932536
2018/8/7,552.93,1.2620782778043609,23.0088402003058
2018/8/6,536.55,1.2056488970078079,22.665759307355362
2018/8/3,543.81,1.2137075520933192,22.98151718475812
2018/8/2,548.21,1.215748708635187,23.140247897132067
2018/8/1,563.92,1.269343694765835,23.779538398185405
2018/7/31,577.65,1.299252934693182,24.27939384816792
2018/7/30,576.4,1.2800146935402492,24.070241271561674
2018/7/27,579.51,1.2931357266242598,24.46178935980824
2018/7/26,583.01,1.2964185531249357,24.45304811107032
2018/7/25,587.39,1.301908685526314,24.464880882304932
2018/7/24,591.19,1.3050661985051295,24.635443622710643
2018/7/23,580.91,1.2878241885397068,24.01107741538861
2018/7/20,573.28,1.2760487812324852,23.739669460112605
2018/7/19,555.67,1.2089497417707733,23.33010555563804
2018/7/18,558.1,1.2313762192070477,23.558553050344553
2018/7/17,562.11,1.233937999470134,23.717283019515648
2018/7/16,566.48,1.2422835900009783,23.755872855716177
2018/7/13,568.67,1.2534702516205662,23.98432035042268
2018/7/12,570.48,1.2412592469978652,24.174178008928667
2018/7/11,553.69,1.2002966770168302,23.306440013168807
2018/7/10,571.23,1.2485851807628765,24.16671586206301
2018/7/9,572.09,1.249293998222155,24.236433387598424
2018/7/6,561.59,1.2199102667618025,23.794462691916713
2018/7/5,557.96,1.236263462445446,23.422209521770412
2018/7/4,564.39,1.2400813778876916,23.89093728241805
2018/7/3,572.3,1.2724579919293622,24.150512466459432
2018/7/2,563.9,1.252000344534153,23.68178470581181
2018/6/29,578.61,1.2901715457674388,24.352202896200023
2018/6/28,566.85,1.2560189639263477,23.88347513555239
2018/6/27,560.61,1.2365386671200764,23.54981180160663
2018/6/26,566.09,1.252565581803669,23.739669460112605
2018/6/25,560.75,1.2412425683646038,23.41474737490476
2018/6/22,567.95,1.2624226097654043,23.4682615048366
2018/6/21,559.33,1.246034271627502,23.006995891054626
2018/6/20,577.48,1.2884803546754733,23.66558131020823
2018/6/19,578.98,1.2763720773385672,23.37487843683196
2018/6/15,622.13,1.3875523041858249,25.38485390612436
2018/6/14,630.21,1.4320675302023351,25.496252790356998
2018/6/13,625.7,1.418465219927,25.349355592420515
2018/6/12,637.52,1.4388469284746614,26.10878622644442
2018/6/11,635.02,1.423319101773174,26.019773782808727
2018/6/8,633.08,1.3992818059739398,24.90215146790438
2018/6/7,647.86,1.4255666575778705,25.649216011941515
2018/6/6,643.07,1.413197315646609,25.58696063327175
2018/6/5,644.04,1.4101049801637937,25.835982147950798
2018/6/4,640.9,1.3900047995254943,25.649216011941515
2018/6/1,644.11,1.413197315646609,25.96049290529031
2018/5/31,641.85,1.4116511479052012,25.96049290529031
2018/5/30,631.42,1.394643302749717,25.77372676928103
2018/5/29,656.82,1.5069906761815484,26.520791313318163
2018/5/28,667.24,1.5373381301799047,26.832068206666964
2018/5/25,667.35,1.5221644031807264,26.956578964006486
2018/5/24,675.21,1.5469215367057016,27.26785585735529
2018/5/23,680.24,1.5581021776524648,27.641388129373865
2018/5/22,688.3,1.5732759046516431,28.014920401392427
2018/5/21,692.7,1.5751374137918774,28.20168653740171
2018/5/18,687.98,1.535886969027833,27.952665022722663
2018/5/17,679.31,1.5307673457977402,27.454621993364572
2018/5/16,684.31,1.5529523797948088,27.641388129373865
2018/5/15,692.91,1.5512458387181114,28.07717578006218
2018/5/14,695.7,1.5836701191753657,27.952665022722663
2018/5/11,692.45,1.5565049432314984,27.703643508043623
2018/5/10,701.89,1.584456545598406,28.20168653740171
2018/5/9,696.93,1.5772689907040582,27.703643508043623
2018/5/8,704.33,1.5924427177032368,28.014920401392427
2018/5/7,701.49,1.567685584178261,28.014920401392427
2018/5/4,693.84,1.5469215367057016,27.828154265383137
2018/5/3,699.71,1.5644911153363292,27.890409644052905
2018/5/2,682.52,1.5285533408645906,26.702833123818635
2018/4/27,680.05,1.5360584491986644,29.166014898809966
2018/4/26,669.59,1.51583651068894,29.36686534860613
2018/4/25,684.56,1.5481916123044992,29.868533219213067
2018/4/24,688.72,1.5562803877083886,27.196347121419066
2018/4/23,670.85,1.4988500823407716,26.529597966184284
2018/4/20,664.23,1.4786281438310471,26.389229722976946
2018/4/19,687.68,1.5376762042794427,27.33671536462639
2018/4/18,683.84,1.519880898390885,27.231439182220893
2018/4/17,673.77,1.489143551856104,26.95070269580625
2018/4/16,673.24,1.487525796775326,27.055978878211736
2018/4/13,688.61,1.5303963064159418,27.47708360783371
2018/4/12,696.25,1.5457649796833322,27.722728033446533
2018/4/11,702.12,1.5732668160565575,27.968372459059342
2018/4/10,706.67,1.5967242647278377,28.038556580663013
2018/4/9,694.17,1.5643691631122787,27.547267729437376
2018/4/4,690.25,1.5376762042794427,27.547267729437376
2018/4/3,697.24,1.5538537550872218,27.863096276653852
2018/4/2,696.33,1.5312051839563308,27.863096276653852
2018/3/30,688.77,1.5093289299124897,27.58235979023921
2018/3/29,685.24,1.5051595129790294,28.36618379474584
2018/3/28,670.26,1.48639713677846,24.994552922932282
2018/3/27,678.09,1.49265126217865,22.92926252213511
2018/3/26,668.36,1.48639713677846,22.56886375886655
2018/3/23,664.07,1.4989053875788396,22.71579646563001
2018/3/22,701.71,1.5459623516443954,24.008955181169966
2018/3/21,702.4,1.5260065976463288,24.12260704001575
2018/3/20,700.83,1.5393697616587048,24.037368145881423
2018/3/19,701.31,1.5278327291837466,24.207845934150075
2018/3/16,699.55,1.523921889179599,24.151020004727197
2018/3/15,708.74,1.5492586466372404,24.29308482828441
2018/3/14,710.33,1.5572772246472784,24.662453369533186
2018/3/13,716.43,1.569785475447658,24.74769226366752
2018/3/12,728.94,1.5968866855151476,25.060234875493393
2018/3/9,718.43,1.5885478516482276,24.634040404821736
2018/3/8,706.21,1.5614466415807384,24.207845934150075
2018/3/7,703.94,1.5531078077138183,24.094194075304305
2018/3/6,711.44,1.5656160585141983,24.520388545975965
2018/3/5,696.68,1.542684265380169,24.094194075304305
2018/3/2,696.18,1.542684265380169,24.12260704001575
2018/3/1,704.1,1.5292255038291258,24.406736687130195
2018/2/28,701.69,1.5222507010750592,24.236258898861518
2018/2/27,705.38,1.525993362582062,24.321497792995853
2018/2/26,714.07,1.5487829886660234,24.548801510687408
2018/2/23,696.85,1.512319586931685,23.866890357612764
2018/2/22,692.36,1.5048136941898926,23.83847739290131
2018/2/14,685.63,1.4856329866162088,23.781651463478426
2018/2/13,685.68,1.4821455852391756,24.008955181169966
2018/2/12,680.34,1.4699396804195588,23.781651463478426
2018/2/9,682.43,1.491849222584381,23.327044028095326
2018/2/8,735.77,1.5855178915585373,25.27431379158376
2018/2/7,739.45,1.611064177753088,25.17401889558541
2018/2/6,749.72,1.6326488126550018,25.324461239582934
2018/2/5,786.49,1.7092219562971125,27.10596833471734
2018/2/2,782.77,1.697371350733453,26.93549054644868
2018/2/1,784.92,1.6982829357768108,26.907077581737237
2018/1/31,793.5,1.7128682964705462,27.560575770100442
2018/1/30,810.92,1.7506754912707436,28.52661657028953
2018/1/29,821.44,1.7820621036640438,28.61185546442386
2018/1/26,834.85,1.8104078961099013,29.094875864518407
2018/1/25,835.64,1.8022036307196752,28.924398076249748
2018/1/24,853.85,1.8377554474106557,29.606309229324392
2018/1/23,822.96,1.7532398205198945,29.12328882922985
2018/1/22,818.79,1.7594939459200842,28.981224005672626
2018/1/19,820.73,1.7544530099418536,28.981224005672626
2018/1/18,800.56,1.7506754912707436,28.242486923175093
2018/1/17,794.69,1.7256104287544585,28.27089988788653
2018/1/16,769.88,1.6687493401278786,27.276446122986002
2018/1/15,751.7,1.6177337701824468,26.765012758180017
2018/1/12,764.16,1.6510891056501265,27.418510946543226
2018/1/11,766.2,1.6615126479837763,27.503749840677557
2018/1/10,769.74,1.6761056072508858,27.39009798183178
2018/1/9,771.8,1.6802750241843458,27.881981087540822
2018/1/8,778.05,1.678190315717616,28.21407395846365
2018/1/5,761.72,1.6615126479837763,27.9867702407721
2018/1/4,758.73,1.6656820649172364,27.958357276060656
2018/1/3,761.05,1.669851481850696,28.100422099617877
2018/1/2,750.0,1.6490043971833963,27.84470541721489
2017/12/29,739.12,1.6406655633164766,27.61740169952333
2017/12/28,738.01,1.6364961463830168,27.61740169952333
2017/12/27,733.97,1.6194573609972045,27.39009798183178
2017/12/26,743.33,1.624197236200123,27.503749840677557
2017/12/25,736.83,1.6227545693882277,27.248033158274566
2017/12/22,747.81,1.669851481850696,27.505875227547012
2017/12/21,754.69,1.7011221088516455,28.207939499535453
2017/12/20,751.11,1.7011221088516455,28.182865775535866
2017/12/19,762.01,1.7365621527860549,28.78463515152595
2017/12/18,758.1,1.7303080273858649,28.65926653152801
2017/12/15,761.77,1.7407315697195147,28.78233325269253
2017/12/14,767.61,1.7511551120531643,28.867572146826852
2017/12/13,780.51,1.7853529930993568,29.561920595513147
2017/12/12,779.93,1.7505939082779536,29.511773147513978
2017/12/11,793.87,1.7885129099013026,30.038321351505303
2017/12/8,790.73,1.769553409089628,29.435831441055733
2017/12/7,792.92,1.7790331594954651,29.350592546921398
2017/12/6,805.0,1.8090523691139504,29.8051999823045
2017/12/5,805.45,1.7869329515003298,29.98817390350613
2017/12/4,796.88,1.782193076297411,29.912952731507374
2017/12/1,803.49,1.8512211184562024,30.48711113537915
2017/11/30,806.72,1.8595599523231217,30.45869817066771
2017/11/29,809.25,1.8637293692565817,30.45869817066771
2017/11/28,808.62,1.861644660789852,30.45869817066771
2017/11/27,809.67,1.8574752438563924,30.401872241244817
2017/11/24,809.42,1.8533058269229328,30.174568523553265
2017/11/23,807.94,1.8282893253221728,30.117742594130377
2017/11/22,827.8,1.865814077723312,30.62917595893636
2017/11/21,825.93,1.8804070369904216,30.799653747205035
2017/11/20,793.81,1.8282893253221728,30.113542523504066
2017/11/17,806.32,1.8428822845892825,30.76545934749333
2017/11/16,796.83,1.8387128676558224,30.20298148826471
2017/11/15,811.02,1.8574752438563924,30.913305606050812
2017/11/14,814.86,1.8595599523231217,30.97013153547369
2017/11/13,822.99,1.878322328523692,31.311087112011016
2017/11/10,827.07,1.8804070369904216,31.311087112011016
2017/11/9,826.95,1.8762376200569617,31.453151935568236
2017/11/8,825.91,1.8845764539238816,31.509977864991125
2017/11/7,811.87,1.8637293692565817,31.254261182588127
2017/11/6,799.5,1.8470517015227423,30.96509022201778
2017/11/3,802.73,1.8533058269229328,31.19743525316525
2017/11/2,804.23,1.8845764539238816,31.055370429608026
2017/11/1,799.77,1.869983494656772,30.74217399659749
2017/10/31,804.45,1.8762376200569617,30.771240782493592
2017/10/30,810.39,1.890830579324072,28.416785488052025
2017/10/27,829.05,1.9554565417927003,29.35715481133813
2017/10/26,837.04,2.1185963365477627,28.58902067425659
2017/10/25,836.23,2.0976719282855627,28.24289104284793
2017/10/24,835.4,2.053885402853621,28.192947822613007
2017/10/23,825.53,2.0574235344692178,27.793402060733644
2017/10/20,830.72,2.0821904557783912,27.743458840498715
2017/10/19,830.28,1.9802041096991407,27.54368595955903
2017/10/18,847.08,2.025580349928851,28.192947822613007
2017/10/17,846.23,2.069806995123804,28.517578754139986
2017/10/16,852.67,2.098112048048574,28.61746519460984
2017/10/13,858.89,2.1034192454719687,29.34164188801619
2017/10/12,857.6,2.0910443827931733,29.16684061719397
2017/10/11,861.77,2.094573916432978,29.345194154993077
2017/10/10,865.98,2.0931759265065195,29.59618654976137
2017/10/9,865.85,2.0889128390798257,29.554354483966645
2017/9/29,865.77,2.0761235767997457,29.47069035237722
2017/9/28,856.23,2.069728945659705,29.21969795760893
2017/9/27,858.48,2.095307470219866,29.345194154993077
2017/9/26,860.49,2.0846497516531324,29.291698667781283
2017/9/25,861.13,2.0782551205130924,29.438800481983954
2017/9/22,866.98,2.1102282762132933,29.68159471276321
2017/9/21,868.32,2.133675257060108,30.26559146236223
2017/9/20,870.43,2.147645890666922,30.415421123067
2017/9/19,869.2,2.156491219705912,30.290563072479703
2017/9/18,881.98,2.1688746803604992,30.878294320835405
2017/9/15,871.5,2.1511840222825183,30.57924009593719
2017/9/14,869.48,2.1299552325889404,30.37007976696361
2017/9/13,872.26,2.133493364204537,30.32824770116889
2017/9/12,875.72,2.131543713346761,30.390449512949534
2017/9/11,866.69,2.1264171009733444,30.288580289711327
2017/9/8,864.89,2.124648035165546,29.93084307611909
2017/9/7,868.54,2.133493364204537,30.090790191540012
2017/9/6,879.35,2.152953088090316,30.26559146236223
2017/9/5,882.31,2.147645890666922,30.44039273318446
2017/9/4,885.64,2.175950943591692,30.83023249070548
2017/9/1,888.94,2.150727606766882,30.765023664711453
2017/8/31,883.4,2.1485960630535352,30.51649199724511
2017/8/30,874.12,2.1358068007734547,30.286415635374173
2017/8/29,871.87,2.133675257060108,28.56465894555304
2017/8/28,881.13,2.161674122434892,28.659099933893533
2017/8/25,832.27,2.0118846487212143,27.394376955961512
2017/8/24,810.48,1.964728529699988,26.94098569972173
2017/8/23,823.71,1.9969683843815744,27.44210235135517
2017/8/22,815.88,1.9913871423905696,27.34665156056785
2017/8/21,817.69,1.9980846327797752,27.398358619672827
2017/8/18,812.25,1.9876541834887864,26.98728047084053
2017/8/17,823.49,1.9867954014467115,27.50112815688091
2017/8/16,816.08,1.9858059003995645,27.172265637815066
2017/8/15,814.8,1.987304205085458,26.98728047084053
2017/8/14,818.83,1.9876541834887864,27.27503517502314
2017/8/11,803.57,1.964728529699988,26.596756229449845
2017/8/10,827.11,2.0312129256875022,27.68072932832348
2017/8/9,826.3,2.0266277949297433,27.227338072083693
2017/8/8,837.42,2.0446373095557218,27.585278537536148
2017/8/7,834.78,2.04749799194234,27.37051425826468
2017/8/4,844.3,2.063507967552662,27.203475374386862
2017/8/3,842.53,2.07418128462621,27.1557499789932
2017/8/2,847.98,2.0777390569840595,27.11684566843863
2017/8/1,841.76,2.057462067283405,26.845534908934408
2017/7/31,832.9,2.038609922879334,26.6069079319661
2017/7/28,826.88,2.0298270175150863,26.51145714117877
2017/7/27,834.03,2.050320463364998,26.702358722753416
2017/7/26,830.4,2.024335229550863,26.248967466513637
2017/7/25,824.53,2.017457533414224,26.15351667572632
2017/7/24,833.87,2.040561679626945,26.559182536572443
2017/7/21,833.59,2.0698380308411046,26.487594443481946
2017/7/20,841.82,2.082524449700574,26.82167221123757
2017/7/19,845.2,2.0922832334386268,26.750084118147086
2017/7/18,796.09,1.9859124906938463,25.299737453543248
2017/7/17,801.44,2.0249476256460595,25.346329971873907
2017/7/14,825.58,2.0678862740934942,26.41795789347887
2017/7/13,826.66,2.0473928282435816,26.51114293014017
2017/7/12,810.99,2.0220199905246434,25.651276487135554
2017/7/11,814.32,2.0220199905246434,25.980139006201394
2017/7/10,812.76,2.018318795227278,26.1240163582927
2017/7/7,806.16,2.0354363398628648,25.89792337643493
2017/7/6,795.28,2.0094193109015683,25.13742880109518
2017/7/5,798.08,2.0181749506004856,25.42518350527779
2017/7/4,794.04,2.0072304009768387,24.82912018947095
2017/7/3,800.25,2.051008599471426,25.13742880109518
2017/6/30,803.89,2.0600533293328804,25.116874893653563
2017/6/29,804.55,2.0663309689445315,25.569060857369088
2017/6/28,805.49,2.0641420590198023,25.75404602434363
2017/6/27,808.3,2.083075715520834,25.95203271017236
2017/6/26,811.77,2.068844626089436,26.045217746833657
2017/6/23,799.81,2.0243724716163185,25.719070118519106
2017/6/22,802.43,2.04749799194234,25.719070118519106
2017/6/21,801.82,2.07418128462621,25.76566263684976
2017/6/20,802.09,2.079464428492908,25.719070118519106
2017/6/19,802.92,2.095527918773307,25.998625228503013
2017/6/16,787.5,2.0641420590198023,25.53270004519651
2017/6/15,790.84,2.035686229998321,25.579292563527154
2017/6/14,782.75,1.9984747612779208,25.199090523420026
2017/6/13,782.27,1.9940969414284624,25.020182343559352
2017/6/12,778.38,1.9831523918048155,24.7872197519061
2017/6/9,787.49,1.9360973086003181,23.681616244660464
2017/6/8,791.0,1.9481505395733816,23.95248233088793
2017/6/7,791.82,1.951714658924244,24.05315310807452
2017/6/6,784.64,1.9229196542109053,23.772200684146085
2017/6/5,782.98,1.91779574335792,23.70749751308493
2017/6/2,785.38,1.913646612097728,23.81825462797248
2017/6/1,787.55,1.9301148343509456,23.747842863888803
2017/5/31,791.08,1.933734186285592,24.00488108367464
2017/5/26,784.88,1.9077600956748124,23.69081535013204
2017/5/25,786.16,1.92055982823922,23.80531399376025
2017/5/24,758.01,1.8256534286301995,22.473171954533658
2017/5/23,754.51,1.7964018020243344,21.95972133951538
2017/5/22,753.01,1.7832274439779623,22.240679438994427
2017/5/19,761.41,1.8243176896238704,22.8531962535639
2017/5/18,763.3,1.82205407294804,23.024414980799502
2017/5/17,772.31,1.837925732549969,23.34339980152214
2017/5/16,773.2,1.84147990705834,23.4517368337035
2017/5/15,770.27,1.8329093355507384,23.271782272070197
2017/5/12,765.31,1.8138887057083923,23.031936497859252
2017/5/11,760.02,1.797413654345751,22.78938116507208
2017/5/10,757.68,1.7864507256658717,22.635459874709678
2017/5/9,763.62,1.7940698222516454,22.908896551582924
2017/5/8,766.38,1.7945781238311027,23.04029316861521
2017/5/5,768.36,1.8246977360935408,23.15111176434558
2017/5/4,780.58,1.887081332802432,23.774645530340308
2017/5/3,786.44,1.9147199340165315,24.060834724247695
2017/5/2,791.33,1.9288728379801952,24.325347449545173
2017/4/28,799.79,1.9670897290800204,24.40252916651297
2017/4/27,798.82,1.8884692436975523,24.29183419914441
2017/4/26,798.59,1.8848140328059857,24.68715357934197
2017/4/25,796.07,1.8750566675461888,24.53706020637577
2017/4/24,803.77,1.893566560306429,24.96334549992309
2017/4/21,803.52,1.9031148394653707,25.089089483101002
2017/4/20,797.04,1.8872740033157729,24.903497187801218
2017/4/19,799.64,1.8871723847250417,25.042181766195746
2017/4/18,802.83,1.9024932605492904,25.218888319347645
2017/4/17,814.18,1.9171243065253751,25.030780727007503
2017/4/14,814.02,1.9267379608870547,25.090849264969048
2017/4/13,822.2,1.953306197246139,25.0938557551231
2017/4/12,826.78,1.9664559649351645,25.221608086384634
2017/4/11,822.23,1.958323588860544,24.86820796531188
2017/4/10,819.13,1.9355601668098392,24.040438646092106
2017/4/7,826.33,1.971422547254204,23.727386443083443
2017/4/6,825.47,1.9698396503764133,23.68912923857346
2017/4/5,827.41,1.977921217155668,23.761490433970426
2017/3/31,813.24,1.921197821814788,23.39749620239461
2017/3/30,814.13,1.9883499985461297,23.530413938663546
2017/3/29,816.93,1.9949799404036024,22.43611991532568
2017/3/28,825.81,2.052379405559014,22.67952675239069
2017/3/27,830.15,2.044398198016542,20.904061239744077
2017/3/24,832.83,2.0561289669150007,21.099839540692166
2017/3/23,822.57,2.030244181809392,20.857610886536055
2017/3/22,819.96,2.0251413614691582,20.81818962399728
2017/3/21,830.77,2.0482893947024303,21.03505519695309
2017/3/20,836.31,2.0612317872552346,21.17307824483134
2017/3/17,841.08,2.078984176913316,21.223804407231935
2017/3/16,857.66,2.116552720468268,21.706836445813302
2017/3/15,840.42,2.078746616686681,21.146387151885232
2017/3/14,840.52,2.07577230458771,21.136507521754275
2017/3/13,842.2,2.0830893047218213,21.282984930032626
2017/3/10,838.02,2.0774970208638313,21.121024070684925
2017/3/9,841.95,2.0882349608383626,21.278806378825102
2017/3/8,846.31,2.089156709033082,21.530817405127124
2017/3/7,850.17,2.0969203369086418,21.618114290604787
2017/3/6,850.57,2.1038929827587443,21.687077185551384
2017/3/3,843.1,2.0918934609054185,21.45187762206452
2017/3/2,849.58,2.1064729823492576,21.59550449088116
2017/3/1,851.34,2.109473280560791,21.557508498073236
2017/2/28,852.49,2.1130130005145293,21.581446309542674
2017/2/27,851.42,2.109473280560791,21.484269793934057
2017/2/24,860.61,2.1252023832103797,21.815220603298688
2017/2/23,858.65,2.125729818896642,21.76591971062895
2017/2/22,867.75,2.1535104156246807,22.05184543651641
2017/2/21,869.89,2.148721099848092,22.077208517716702
2017/2/20,866.33,2.1462978525394005,22.074357978254994
2017/2/17,858.94,2.122308879056221,21.82510023342964
2017/2/16,858.23,2.1198548801953705,21.642149360059268
2017/2/15,850.49,2.1062614082351847,21.384437254833813
2017/2/14,856.25,2.115630972273548,21.58581937672029
2017/2/13,857.5,2.131395788251304,21.626665908989924
2017/2/10,852.76,2.1132505607411645,21.473159410042328
2017/2/9,848.48,2.101947212911866,21.367528534033614
2017/2/8,848.81,2.106171120833688,21.42528378710345
2017/2/7,834.17,2.0712205490377555,20.90558376745998
2017/2/6,839.0,2.089722116887848,21.028123364268893
2017/2/3,838.34,2.0791029570266337,20.946430299729613
2017/1/26,845.01,2.0973669646500914,20.929521578929414
2017/1/25,841.13,2.0882349608383626,20.878795416528824
2017/1/24,840.15,2.0863011770474267,20.90415849772912
2017/1/23,845.58,2.094064804922988,20.853529593313564
2017/1/20,845.11,2.0882349608383626,20.819712151713173
2017/1/19,838.25,2.109137771140241,21.613546707457086
2017/1/18,838.1,2.103664267395569,21.757270834258765
2017/1/17,838.39,2.106401019267905,21.79954263625926
2017/1/16,842.96,2.1139270869168305,21.89595654027652
2017/1/13,844.33,2.1105061470764097,21.77845398847815
2017/1/12,842.17,2.107769395204073,21.749078350528556
2017/1/11,841.91,2.116663838789167,21.900994961060448
2017/1/10,845.04,2.1187164026934187,21.909449321460546
2017/1/9,843.94,2.1187164026934187,21.934812402660842
2017/1/6,841.12,2.115979650821082,21.900994961060448
2017/1/5,850.1,2.132400162055102,22.061627808662323
2017/1/4,854.63,2.142281001050974,22.17153449386361
2017/1/3,851.02,2.1417155931962077,22.130961643873253
2016/12/30,843.3,2.1310317861189336,21.9547078161757
2016/12/29,837.65,2.128295034246597,21.88126872130172
2016/12/28,840.22,2.131715974087017,21.910644359251318
2016/12/27,843.33,2.142662981576364,21.969395635150494
2016/12/26,846.99,2.1385578537678587,22.116273824898453
2016/12/23,838.75,2.1132428989487457,21.951721123461038
2016/12/22,848.6,2.1285972416892918,22.103899610662815
2016/12/21,853.12,2.140584777486674,22.061627808662323
2016/12/20,847.47,2.132400162055102,21.73190775305847
2016/12/19,846.59,2.1218694751734795,21.68118159065787
2016/12/16,853.71,2.126330943321937,21.917903681860643
2016/12/15,854.48,2.129663410182765,21.900994961060448
2016/12/14,857.5,2.124843787272451,21.841814438259753
2016/12/13,870.14,2.1580168863831988,22.179794338293625
2016/12/12,869.53,2.160953226313665,22.155856526824184
2016/12/9,894.69,2.2128882016348057,22.85357377834709
2016/12/8,891.58,2.2218111379317205,22.791639974069728
2016/12/7,902.23,2.2456056347234923,23.039375191179193
2016/12/6,896.22,2.227759762129663,22.760673071931052
2016/12/5,899.49,2.242631322624521,22.915507582624464
2016/12/2,932.8,2.311040500900865,23.782580842507553
2016/12/1,950.1,2.340783621890581,24.12321676603305
2016/11/30,941.83,2.3199634371977798,23.96838225533964
2016/11/29,949.22,2.3526808702864668,24.247084374587768
2016/11/28,946.74,2.331860685593666,24.339985081003817
2016/11/25,952.6,2.3526808702864668,24.46385268955855
2016/11/24,947.37,2.322937749296752,24.278051276726462
2016/11/23,938.4,2.3070818283796557,24.12321676603305
2016/11/22,946.74,2.3562087643260337,24.40191888528118
2016/11/21,936.6,2.339792555722122,24.030316059617004
2016/11/18,933.47,2.320765587741338,24.061282961755687
2016/11/17,951.13,2.3618168658263854,24.525786493835913
2016/11/16,950.48,2.3713954973795626,24.587720298113275
2016/11/15,948.77,2.3672903695710583,24.80448861308405
2016/11/14,955.33,2.420907939412035,24.80448861308405
2016/11/11,947.81,2.4005518151175953,24.370951983142504
2016/11/10,916.85,2.328975843358347,22.85424632478292
2016/11/9,899.48,2.2679937128901195,22.38423611758944
2016/11/8,912.68,2.2996822478007597,22.67799249708537
2016/11/7,912.39,2.292137358536322,22.70736813503496
2016/11/4,909.91,2.304209181359423,22.58986558323659
2016/11/3,912.78,2.3238258934469624,22.58986558323659
2016/11/2,892.3,2.21813739252872,22.11985537604311
2016/11/1,896.26,2.2167690165925515,22.266733565791068
2016/10/31,888.18,2.1900841210348574,22.00235282424474
2016/10/28,887.81,2.21813739252872,22.296169539850826
2016/10/27,881.97,2.2393060144854404,22.47321400729049
2016/10/26,881.4,2.2514431744555514,22.19894137257147
2016/10/25,884.04,2.257511754440607,22.250367491581287
2016/10/24,888.48,2.272683204403245,22.370361769270858
2016/10/21,869.31,2.2332374345003854,22.027520975872072
2016/10/20,864.01,2.225915497673482,21.924668737852436
2016/10/19,865.34,2.2227536858870143,21.95895281719232
2016/10/18,871.37,2.2393060144854404,22.14751525356165
2016/10/17,850.24,2.199860244582581,21.684680182473286
2016/10/14,862.91,2.2180659845377466,22.130373213891712
2016/10/13,864.42,2.2261116924011155,22.16465729323159
2016/10/12,863.08,2.232239121246418,22.14751525356165
2016/10/11,866.56,2.238562744819354,22.19894137257147
2016/10/10,864.28,2.2180659845377466,22.18179933290153
2016/9/30,851.42,2.145087269297065,21.8122628547787
2016/9/29,850.11,2.145838757323713,21.787532420492926
2016/9/28,841.49,2.145087269297065,21.58144525843184
2016/9/27,844.94,2.145087269297065,21.668001857061917
2016/9/26,836.34,2.145087269297065,21.547543865113774
2016/9/23,851.03,2.145087269297065,21.753248341153046
2016/9/22,856.49,2.145087269297065,21.941810777522374
2016/9/21,855.7,2.145087269297065,21.95895281719232
2016/9/20,849.75,2.145087269297065,21.77039038082298
2016/9/19,851.28,2.145087269297065,21.804674460162865
2016/9/14,848.05,2.145087269297065,21.667538142803348
2016/9/13,855.98,2.162940108286093,21.89038465851256
2016/9/12,858.95,2.172553175434031,21.924668737852436
2016/9/9,878.34,2.22199180648057,22.47321400729049
2016/9/8,884.0,2.250831007924385,22.816054800689287
2016/9/7,885.66,2.2618173703791706,22.93749863696967
2016/9/6,887.69,2.2824167999818963,22.936049078378858
2016/9/5,884.79,2.2810435046750475,22.833196840359225
2016/9/2,882.85,2.2859899216163746,22.816054800689287
2016/9/1,876.23,2.272683204403245,22.696060522999712
2016/8/31,890.21,2.2908889443584117,22.966350836513023
2016/8/30,884.5,2.2848203643733562,22.76438543970952
2016/8/29,879.77,2.2859899216163746,21.82390728395633
2016/8/26,879.26,2.2954753569757784,18.23053889070185
2016/8/25,883.58,2.3081226041216505,17.79549961493788
2016/8/24,878.88,2.3017989805487145,17.752696248455766
2016/8/23,887.2,2.3270934748404586,17.85970466466105
2016/8/22,883.39,2.2733426744705025,17.100454455152992
2016/8/19,898.42,2.3397407219863307,15.789322818915815
2016/8/18,902.22,2.3492261573457345,15.768437471271744
2016/8/17,910.29,2.371358839851011,15.324071033239276
2016/8/16,915.63,2.3460643455592667,15.655948277838624
2016/8/15,926.13,2.375633585853712,15.461150764704225
2016/8/12,877.21,2.241724556605822,14.667733906418064
2016/8/11,856.19,2.2006210033817384,14.351298022650163
2016/8/10,851.93,2.2006210033817384,14.332684147134405
2016/8/9,856.09,2.206944626954674,14.40713964919744
2016/8/8,849.57,2.1911355680223337,14.276842520587127
2016/8/5,842.85,2.1690028855170578,14.146545391976812
2016/8/4,842.09,2.146870203011782,14.146545391976812
2016/8/3,839.4,2.1405465794388454,14.146545391976812
2016/8/2,840.98,2.153193826584717,14.221000894039848
2016/8/1,837.56,2.1405465794388454,14.183773143008333
2016/7/29,844.85,2.2244839549794446,14.351298022650163
2016/7/28,850.51,2.2244839549794446,14.4257535247132
2016/7/27,867.59,2.2485159680255182,14.500209026776234
2016/7/26,889.1,2.382851203668579,14.946942039154447
2016/7/25,876.12,2.3604619977280685,14.77941715951262
2016/7/22,877.74,2.382851203668579,14.734749965863445
2016/7/21,886.01,2.424431157558097,14.93939927094488
2016/7/20,878.42,2.414835783583593,14.890283437725337
2016/7/19,883.85,2.432385435248478,14.832981632302534
2016/7/18,875.75,2.4193606136407215,14.767493854676474
2016/7/15,896.42,2.4714599000717468,15.02826740218334
2016/7/14,909.28,2.485201859396625,15.266353251569829
2016/7/13,908.79,2.4979956913626307,15.309641587821915
2016/7/12,905.7,2.4714599000717468,15.10311871501003
2016/7/11,882.53,2.437224989524104,14.58740246620481
2016/7/8,885.7,2.4276296155495993,14.84116760450579
2016/7/7,883.56,2.405240409609089,14.491674576970386
2016/7/6,882.29,2.3956450356345846,14.573739871536414
2016/7/5,885.06,2.3860496616600804,14.782966830088176
2016/7/4,886.15,2.382851203668579,14.71803432571004
2016/7/1,859.9,2.3220805018300514,14.396757225083485
2016/6/30,863.88,2.36366045571957,14.396757225083485
2016/6/29,860.94,2.35749271100388,14.396757225083485
2016/6/28,863.77,2.3640051218077582,14.396757225083485
2016/6/27,849.4,2.3412116839941848,14.292707466887544
2016/6/24,831.35,2.3348743337960567,13.998012467570273
2016/6/23,846.11,2.277302089949031,14.396757225083485
2016/6/22,850.08,2.277302089949031,14.440054966546175
2016/6/21,834.36,2.277302089949031,14.396757225083485
2016/6/20,825.89,2.277302089949031,14.407311077733144
2016/6/17,823.92,2.277302089949031,14.396757225083485
2016/6/16,818.92,2.26802684732567,14.396757225083485
2016/6/15,830.83,2.277302089949031,14.396757225083485
2016/6/14,818.2,2.2735721452408915,14.396757225083485
2016/6/13,809.67,2.2453175100340164,14.198255560498765
2016/6/8,850.46,2.3807812382685105,14.7421894084811
2016/6/7,856.36,2.3879829834591813,14.909714288122931
2016/6/6,852.06,2.3825184915061857,14.760803283996859
2016/6/3,859.14,2.4043764593181685,14.965555914670208
2016/6/2,858.44,2.3843399888238506,15.058625292249005
2016/6/1,852.55,2.3570175290588717,14.875063597579533
2016/5/31,863.96,2.393447475412177,14.816210724789903
2016/5/30,803.02,2.200527848041129,13.698006141786893
2016/5/27,799.02,2.1900889113805917,13.466823145951295
2016/5/26,802.97,2.2234935086943093,13.62444005079985
2016/5/25,799.08,2.21494073828098,13.466823145951295
2016/5/24,797.89,2.2094762463279842,13.449602144485887
2016/5/23,807.38,2.240195807351168,13.656254162070818
2016/5/20,805.34,2.2349772087752973,13.61320165840729
2016/5/19,795.56,2.165035463395304,13.432381143020475
2016/5/18,800.0,2.186992941438088,13.544317652545647
2016/5/17,798.31,2.195409848204367,13.544317652545647
2016/5/16,796.23,2.1855901236437085,13.432381143020475
2016/5/13,790.89,2.1566843140668746,13.268781629099074
2016/5/12,797.24,2.189798577026848,13.458212645218591
2016/5/11,791.94,2.1733866127237333,13.415160141555063
2016/5/10,795.95,2.1631450389336315,13.492654648149411
2016/5/9,798.24,2.1673534923167708,13.484044147416705
2016/5/6,824.32,2.2501197421851784,13.905958683319273
2016/5/5,857.82,2.40304321925554,14.723956252926293
2016/5/4,857.08,2.3800775586023595,14.715345752193587
2016/5/3,861.53,2.394692069927111,14.844503263184164
2016/4/29,841.97,2.3160521785210286,14.413978226548894
2016/4/28,846.71,2.3399000810254846,13.168373034168727
2016/4/27,850.61,2.327274720876067,13.093994757111169
2016/4/26,861.89,2.3707620725018397,13.498922108029454
2016/4/25,853.12,2.3399000810254846,13.137256854326294
2016/4/22,865.8,2.3762654907443177,13.382408738545331
2016/4/21,859.41,2.314792074837462,13.310305243186793
2016/4/20,872.0,2.3593073070458748,13.656402020907793
2016/4/19,887.5,2.467415728123449,13.771767613481462
2016/4/18,880.8,2.4377389066511737,13.72129516673048
2016/4/15,902.54,2.5119309603318616,13.988078099557086
2016/4/14,907.18,2.5606857384648847,14.037214141577802
2016/4/13,901.78,2.5416077818041365,14.052971245379775
2016/4/12,878.2,2.5246495981056936,13.711398726299398
2016/4/11,880.81,2.518281210208902,13.887133206055125
2016/4/8,856.04,2.433499360726563,13.494188449447131
2016/4/7,872.43,2.478563223219977,13.901553905126836
2016/4/6,893.82,2.5379300070096766,14.350639812464642
2016/4/5,899.78,2.558515187423569,14.270289085631134
2016/4/1,883.09,2.514183293493797,14.04530705049731
2016/3/31,888.63,2.5260566502517365,14.12565777733082
2016/3/30,885.94,2.523088311062252,14.086375177916686
2016/3/29,857.37,2.4637215272725523,13.594066688045867
2016/3/28,861.08,2.4815315624094616,13.562304849989687
2016/3/25,882.05,2.546835024578132,14.022851501804324
2016/3/24,872.8,2.5036506730399326,13.911685068607689
2016/3/23,914.91,2.6115508846610838,14.610445505843687
2016/3/22,899.42,2.571316907446417,14.578683667787509
2016/3/21,926.75,2.6554424961679923,14.737492858068418
2016/3/18,842.84,2.414038632879993,13.403495659708776
2016/3/17,814.12,2.290118799129996,12.879425331781777
2016/3/16,791.84,2.2201840153911454,12.641205672867105
2016/3/15,788.99,2.2329857354139944,12.545920202971125
2016/3/14,794.08,2.2677332611902967,12.657086584516435
2016/3/11,774.66,2.1982382096376907,12.482396556373804
2016/3/10,763.46,2.1817788553226,12.371230174828488
2016/3/9,789.0,2.223841649683388,12.593562937919115
2016/3/8,799.66,2.280534981213145,12.768258898585136
2016/3/7,799.64,2.2969943355282356,12.863544412753685
2016/3/4,794.73,2.2311569182678728,12.80002073664132
2016/3/3,789.45,2.2421298211446,12.831782574697502
2016/3/2,794.01,2.265904444044176,12.78413981761323
2016/3/1,747.53,2.123256706646721,11.94590080124429
2016/2/29,716.98,2.0629057408247213,11.581019369068173
2016/2/26,742.87,2.1817788553226,12.164783975517686
2016/2/25,735.64,2.178121221030357,12.053617542321046
2016/2/24,807.79,2.4195250843183573,13.387614740680686
2016/2/23,801.86,2.392092827126539,13.371733821652596
2016/2/22,815.84,2.423182718610599,13.484748580421842
2016/2/19,787.47,2.3500300327657517,13.181162793315506
2016/2/18,782.1,2.3284959551863387,13.135731558340336
2016/2/17,783.42,2.2510682713561354,13.26056738845596
2016/2/16,775.83,2.2227410699548416,13.101758198175046
2016/2/15,739.96,2.1169861847233458,12.530045113163775
2016/2/5,751.29,2.1509788264048986,12.62175112782235
2016/2/4,777.05,2.215187149581164,13.124843565989222
2016/2/3,764.75,2.18874842827329,12.87934289497072
2016/2/2,769.12,2.215187149581164,12.935996895974991
2016/2/1,747.69,2.09810138378915,12.550508882510087
2016/1/29,761.39,2.115097704629926,12.740488203342785
2016/1/28,719.2,2.00934281939843,12.051813165324257
2016/1/27,736.55,2.058443301827339,12.436293545865006
2016/1/26,747.06,2.1056553041628283,12.71489128553591
2016/1/25,821.17,2.339826835746856,14.13109646219633
2016/1/22,818.61,2.3247189949994995,14.010974911411447
2016/1/21,807.26,2.2680645921969123,13.797248175474666
2016/1/20,845.18,2.3158486293381504,13.987061407637428
2016/1/19,854.49,2.3485746185387617,13.576676982397787
2016/1/18,825.47,2.2757131029535094,13.163594429267574
2016/1/15,822.01,2.2693700415788944,13.155662224220269
2016/1/14,849.72,2.3749132515108733,13.545752203561252
2016/1/13,824.9,2.3132603807234315,13.097216928668864
2016/1/12,831.04,2.3466639910183997,13.062084367872462
2016/1/11,817.41,2.3209705109640524,12.763624351886394
2016/1/8,889.8,2.56736735656788,13.9439747206767
2016/1/7,866.51,2.5178758734245363,13.662437746566908
2016/1/6,956.84,2.8718105707507364,14.726154109859342
2016/1/5,941.72,2.792941878931852,14.591831189940873
2016/1/4,942.44,2.784573397726154,14.731566970093665
2015/12/31,1038.16,3.0916622995815484,16.367377506375913
2015/12/30,1052.76,3.1198264376074585,16.53238459784615
2015/12/29,1055.5,3.1175998749384397,16.501009586876663
2015/12/28,1041.05,3.0678428858159745,16.252803665279444
2015/12/25,1086.47,3.161816093758417,16.729531114436625
2015/12/24,1082.04,3.151056366828968,16.67224419388839
2015/12/23,1125.46,3.2622718070793746,17.48905826179516
2015/12/22,1103.66,3.2287739322212787,17.49553623918985
2015/12/21,1088.57,3.1880652409075214,17.018482048063394
2015/12/18,1069.92,3.1554880027260337,16.80910585077627
2015/12/17,1080.63,3.169283440195405,16.983018610684077
2015/12/16,1065.12,3.1310422176768182,16.723284279818635
2015/12/15,1061.3,3.1251609305836663,16.722480347405288
2015/12/14,1095.36,3.2206167662628067,17.287956604064828
2015/12/11,1005.02,2.942432138010058,15.81471043666397
2015/12/10,999.5,2.9229925059864734,15.581361071207704
2015/12/9,993.19,2.8967518518940256,15.399031592495596
2015/12/8,990.61,2.90343153990108,15.488257590442036
2015/12/7,1007.5,2.971358771408931,15.753335089705901
2015/12/4,1019.85,2.9810822532145482,15.821992346472006
2015/12/3,1048.06,3.047579115353133,16.26178653805702
2015/12/2,1047.31,3.0502437970616576,16.260651729060754
2015/12/1,986.67,2.908082732454542,15.424754804738932
2015/11/30,989.36,2.911754681121253,15.547978554485507
2015/11/27,1002.45,2.925312124350788,15.541169700507893
2015/11/26,1095.83,3.2494323508870018,17.266868288966158
2015/11/25,1109.3,3.314188779679124,17.546036552015664
2015/11/24,1104.1,3.2801261303174853,17.380540510912162
2015/11/23,1079.6,3.1842807726188433,16.920981510560164
2015/11/20,1094.15,3.2242780517232434,17.180242785595176
2015/11/19,1115.22,3.277145127228927,17.366969321044856
2015/11/18,1088.38,3.1679024992935627,16.91128780351209
2015/11/17,1135.1,3.3812891128833678,17.895989510576307
2015/11/16,1124.47,3.3965148034907933,17.977129666301373
2015/11/13,1138.47,3.3875304484164817,18.182628380769273
2015/11/12,1127.45,3.370563959049355,18.075144773768773
2015/11/11,1152.89,3.3945311471543747,18.104502137371192
2015/11/10,1126.87,3.2529930622819765,17.541166302603596
2015/11/9,1104.95,3.265436804621035,17.645470231356363
2015/11/6,1117.86,3.37127328839329,17.790049590053137
2015/11/5,1024.27,3.064112132194557,16.222046265838927
2015/11/4,950.95,2.8557791514031066,14.945457038100944
2015/11/3,864.59,2.5968446312567126,13.585970664790125
2015/11/2,861.5,2.570024112269729,13.402503441805296
2015/10/30,888.57,2.6417653883990733,14.79125307582094
2015/10/29,867.15,2.5236304161455316,14.410656148611164
2015/10/28,867.61,2.531570044903397,14.450795724668346
2015/10/27,900.01,2.645322408866876,14.54414415211524
2015/10/26,906.48,2.653753988353576,14.723919169532833
2015/10/23,887.53,2.5825497562332584,14.410117113718195
2015/10/22,872.8710000000001,2.5272315632884483,14.172680656119775
2015/10/21,858.46,2.4537165922352493,13.865669297180256
2015/10/20,908.387,2.604478474606272,14.955398896551115
2015/10/19,895.555,2.582986205565033,14.640572335984544
2015/10/16,873.8739999999999,2.5231384654166966,14.167016528623007
2015/10/15,855.0319999999999,2.4739817805771014,13.656678262930365
2015/10/14,827.9019999999999,2.3845959403000307,13.15284469342784
2015/10/13,837.82,2.4053079633813392,13.395166054266644
2015/10/12,843.5160000000001,2.418063319368392,13.50992978541107
2015/10/9,797.692,2.3183670041123743,12.499452687726631
2015/10/8,775.255,2.2924390200006135,11.917357076367836
2015/9/30,744.029,2.1662013850174207,11.553998873125515
2015/9/29,741.467,2.187342886136798,11.738997639867005
2015/9/28,747.945,2.2131842903843126,11.914929328198356
2015/9/25,738.4169999999999,2.1627723975912243,11.656349916174037
2015/9/24,765.372,2.2624467487615507,12.04032002203443
2015/9/23,758.697,2.20826651230136,11.787568334783199
2015/9/22,788.6289999999999,2.272471871489617,12.192357109844242
2015/9/21,760.183,2.158033600072379,11.626140832289195
2015/9/18,746.605,2.1037347121795564,11.345430704507198
2015/9/17,742.184,2.1126615304120118,11.372879484681231
2015/9/16,766.813,2.2008241382105584,11.876034324327328
2015/9/15,713.336,2.0651715112347078,11.06278274994725
2015/9/14,750.867,2.1610490264601006,11.726721332920963
2015/9/11,790.66,2.2690383621076267,12.335428680293605
2015/9/10,795.1039999999999,2.2837966690171108,12.36581584674887
2015/9/9,818.289,2.3590349607797507,12.761821686865714
2015/9/8,793.5139999999999,2.299338053467901,12.234287346301
2015/9/7,765.8739999999999,2.22524879275992,11.72615473254604
2015/9/2,779.6669999999999,2.2730347574837433,11.997102671192188
2015/9/1,787.654,2.321296801285,12.205487671956789
2015/8/31,772.053,2.301670229253617,12.12366687528392
2015/8/28,792.574,2.3518038198376923,12.836765085112953
2015/8/27,756.6360000000001,2.2168082859037725,14.783331880414964
2015/8/26,704.6569999999999,2.1482002721316995,14.377449750606338
2015/8/25,731.893,2.211904961117922,15.695729832605245
2015/8/24,811.94,2.500193825793462,18.57995114659262
2015/8/21,900.933,2.9088434468999638,20.647372558394164
2015/8/20,973.9580000000001,3.1873067396816186,22.38427276700275
2015/8/19,1021.681,3.3387615387861382,24.33247305189501
2015/8/18,1007.747,3.301102584671816,23.387525283145003
2015/8/17,1082.434,3.5749559443754753,26.73601398468602
2015/8/14,1098.708,3.6389010013118237,27.26365513728687
2015/8/13,1087.839,3.61817604903928,27.2017789636964
2015/8/12,1075.144,3.571698293999354,27.95027847033066
2015/8/11,1079.211,3.6049372734398064,27.531038085490447
2015/8/10,1095.744,3.6489682055350268,27.77767315720615
2015/8/7,1021.9860000000001,3.4149823569796425,25.923556760150305
2015/8/6,1008.0889999999999,3.3594145372309083,25.53164918551655
2015/8/5,1037.212,3.4730848771618104,26.2482059264713
2015/8/4,1069.961,3.5691588878600395,26.738378922838965
2015/8/3,1044.089,3.4521190656781267,26.23707895578136
2015/7/31,1038.317,3.4564905814198337,25.26495513872253
2015/7/30,1033.8139999999999,3.4594350311640887,25.029994304103013
2015/7/29,1090.36,3.6518683779705854,26.469847774437604
2015/7/28,1087.996,3.6213800152850153,25.867171818879147
2015/7/27,1032.619,3.4235393935691714,24.889047631851774
2015/7/24,1146.144,3.8831000055536142,27.65016325235724
2015/7/23,1183.379,3.998911432376699,28.722835448455964
2015/7/22,1152.0639999999999,3.910222572712327,27.389899061188906
2015/7/21,1172.471,3.9948818416074667,27.97592332153221
2015/7/20,1163.9260000000002,3.902669837965724,27.79741233616272
2015/7/17,1190.3,3.924898260282935,27.965178931808357
2015/7/16,1134.4589999999998,3.7009093174460657,26.76463373613013
2015/7/15,1130.445,3.6568943420701814,26.644856941811195
2015/7/14,1209.866,4.021807365249266,28.661581466870214
2015/7/13,1290.606,4.305087047762592,31.148503726955646
2015/7/10,1278.442,4.269022290976853,30.193488061732737
2015/7/9,1176.8010000000002,3.889915170035811,27.664831323131555
2015/7/8,1074.151,3.536181295317542,25.263603606627825
2015/7/7,1188.124,3.9289041813120984,28.05240060945651
2015/7/6,1254.6989999999998,4.160036493789939,30.457388142625323
2015/7/3,1185.347,3.934479032964877,29.27655275506395
2015/7/2,1234.9080000000001,4.1301738562852295,31.151328857289943
2015/7/1,1240.97,4.1829754593052835,30.96760113557012
2015/6/30,1324.608,4.461485262490468,32.89465005623468
2015/6/29,1214.229,4.07709297034483,29.92884567328952
2015/6/26,1307.03,4.429196531880149,32.873596572464315
2015/6/25,1446.641,4.9221183503999715,36.625697445661174
2015/6/24,1489.7520000000002,5.089082618787553,37.64274533402749
2015/6/23,1489.4260000000002,5.047851779031369,37.54655226491656
2015/6/19,1434.455,4.890962499396392,36.14772546622485
2015/6/18,1508.404,5.169764098340202,37.834590382665745
2015/6/17,1589.898,5.501118382906113,38.91982400481097
2015/6/16,1583.839,5.44406675168411,38.078674129250366
2015/6/15,1604.2279999999998,5.531563615640036,38.46418308247669
2015/6/12,1639.83,5.37419634708275,39.378648493104755
2015/6/11,1639.588,5.350716397946256,39.336234165938954
2015/6/10,1662.4160000000002,5.428884797686149,40.052983258944025
2015/6/9,1681.9460000000001,5.517148066456423,40.5872153320345
2015/6/8,1717.1,5.6743821153182195,41.63450960028321
2015/6/5,1637.9189999999999,5.36652382180189,40.03108718225837
2015/6/4,1645.1729999999998,5.3794483683826435,40.33560280219982
2015/6/3,1613.4289999999999,5.272496611949783,39.47036627846387
2015/6/2,1622.799,5.306357364218972,39.50432129634632
2015/6/1,1628.471,5.3633753499760175,39.658971659351394
2015/5/29,1544.4289999999999,4.866359993509266,37.70743382006409
2015/5/28,1561.5720000000001,4.881468117411588,37.779477334445524
2015/5/27,1716.625,5.407805643205099,41.76213728588121
2015/5/26,1720.23,5.468809859995552,41.431281977838175
2015/5/25,1700.703,5.407423170998464,40.63835589183517
2015/5/22,1653.2020000000002,5.248111588711749,39.39713728992725
2015/5/21,1601.8129999999999,5.0939944175808485,38.3213247373169
2015/5/20,1604.6589999999999,5.069345117494745,38.48967879107581
2015/5/19,1632.2820000000002,5.169542985607579,39.220783202286846
2015/5/18,1523.5123,4.779333558699968,36.36350618500634
2015/5/15,1565.8558,4.870934508372917,37.921950975504686
2015/5/14,1617.8344,5.063202474337473,40.08215317075781
2015/5/13,1623.9262,5.1260025692572295,39.53639600317357
2015/5/12,1664.0072,5.265202852589128,40.192316543491565
2015/5/11,1634.8891,5.180586230814953,40.02120683732164
2015/5/8,1600.2858,5.0252429156071345,39.67898742498183
2015/5/7,1607.3556,4.938751832532444,39.77594959181144
2015/5/6,1591.4565,4.881062587182657,39.251213159557054
2015/5/5,1584.2017,4.963521257487846,39.154250992727434
2015/5/4,1626.4116,5.051780673176247,39.62195085625852
2015/4/30,1642.6374,5.121413588459934,39.867208101768725
2015/4/29,1684.8442,5.214682812364808,40.96962726583217
2015/4/28,1686.9008,5.216115620088249,43.737138789306144
2015/4/27,1697.1637,5.463442377364732,58.793446094373714
2015/4/24,1684.6422,5.441239621879026,58.86374526314453
2015/4/23,1741.5813,5.884081806118332,58.58346935312919
2015/4/22,1764.9128,5.916659360899793,57.24987881698725
2015/4/21,1655.6573,5.5902265338488855,53.85768329070301
2015/4/20,1579.1594,5.2757046666117136,57.48682453414545
2015/4/17,1658.8635,5.6227547155481625,60.783270144328306
2015/4/16,1648.8143,5.6052090623301485,60.76835309488236
2015/4/15,1625.9076,5.539719093279414,60.348586399686994
2015/4/14,1687.3574,5.812773302794588,62.11259589906032
2015/4/13,1668.3374,5.726682715881287,60.60632940963375
2015/4/10,1682.3046,5.8135058858415904,61.60481797583246
2015/4/9,1676.9194,5.549961164949795,61.11145795816522
2015/4/8,1682.3841,5.485748586053234,61.48804458280715
2015/4/7,1610.5903,5.119438093899634,58.77195511551147
2015/4/3,1588.3699,5.0229585387584095,58.34997375089817
2015/4/2,1530.5996,4.791379592477694,55.6891215391193
2015/4/1,1550.3367,4.813681363032965,55.941828002040786
2015/3/31,1500.839,4.616394506025332,54.64751977653504
2015/3/30,1497.195,4.711670163257836,59.15816838876916
2015/3/27,1457.5426,4.549344405643918,57.22192098805819
2015/3/26,1446.536,4.5057830126095935,56.63237826892417
2015/3/25,1454.3833,4.559684794356045,56.648273545249936
2015/3/24,1469.9186,4.540050828671486,57.1961598168361
2015/3/23,1500.2389,4.6180206887353865,58.81559206575919
2015/3/20,1471.3003,4.555173124997557,57.74407839562568
2015/3/19,1382.2920000000001,4.352892210898605,54.4298324872449
2015/3/18,1390.9633,4.355493309694894,54.46555647497361
2015/3/17,1364.2524,4.454066895927201,57.80550510528428
2015/3/16,1323.8708,4.2402642199478855,58.73542946192414
2015/3/13,1294.3368,4.142950742075062,56.7218720989606
2015/3/12,1291.3416,4.150743790297684,57.023592884952535
2015/3/11,1260.8853,4.023123631610228,58.254722778542394
2015/3/10,1258.9189999999999,4.009227562839436,58.94530171657911
2015/3/9,1258.8024,4.001599647039189,58.595904740265986
2015/3/6,1288.8239,4.170867015561751,59.784972804454355
2015/3/5,1297.242,4.2211329357313625,61.22193215533125
2015/3/4,1293.336,4.1546625324175634,61.55415548249566
2015/3/3,1296.9585,4.169258980841843,61.00943003850846
2015/3/2,1353.3671,4.371101594588446,63.604411993205474
2015/2/27,1334.9438,4.1759416846382615,62.45708679294008
2015/2/26,1345.5154,4.207559447530802,63.086346625129366
2015/2/25,1279.4196,3.9987571319479716,59.791265229945076
2015/2/17,1308.3603,4.112317235955547,62.07117211298997
2015/2/16,1296.2904,4.054753664830441,60.846797321957
2015/2/13,1301.1229,4.017856017045907,60.375225021995675
2015/2/12,1304.8976,4.070073784402154,61.60198157599079
2015/2/11,1312.71,4.097143397309596,61.15966394777901
2015/2/10,1308.6489,4.083667125651207,60.888338512007245
2015/2/9,1292.4844,4.029106271852382,59.86519978244439
2015/2/6,1232.5035,3.847297308420888,55.59465749360304
2015/2/5,1227.1878,3.9385298827414084,54.90617603072989
2015/2/4,1221.1927,3.8044293557464472,55.1513612925291
2015/2/3,1238.5878,3.853327063357275,56.37937018782787
2015/2/2,1183.2201,3.663208389692264,53.50893789760679
2015/1/30,1222.0928,3.8300409064188337,55.915808265639974
2015/1/29,1244.2311,3.853227435230413,56.77988037959374
2015/1/28,1275.654,3.9961384639009,57.788039879116475
2015/1/27,1280.3945,4.16955749070422,57.93386476830041
2015/1/26,1302.1461,4.129950044526407,58.81902261672966
2015/1/23,1288.8386,4.187551861755015,58.53725693809728
2015/1/22,1265.4364,4.076634870808335,57.394798597720786
2015/1/21,1255.0608,3.9937601422000313,56.24730757143736
2015/1/20,1168.8135,3.7512634339507054,52.21828228974107
2015/1/19,1252.726,3.8583063216160607,55.397323993809025
2015/1/16,1384.2720000000002,4.286916867511003,61.54069677999717
2015/1/15,1397.3069,4.348018838031912,62.32793214639639
2015/1/14,1352.2272,4.205016977293627,58.65515696662029
2015/1/13,1332.904,4.161093591824718,57.66141923155546
2015/1/12,1373.2645,4.309358940252373,59.420809054229906
2015/1/9,1399.9767,4.285977725754186,60.259119129130745
2015/1/8,1407.5423,4.325683444899296,60.02481775698194
2015/1/7,1460.9741,4.531410093281643,63.151468138265884
2015/1/6,1420.1352,4.4482930902219024,62.065922382283574
2015/1/5,1434.7995,4.532246796556924,63.495906643256184
2014/12/31,1436.1752,4.607953150390878,64.53781305133158
2014/12/30,1415.6744,4.333990367058872,62.416352712170216
2014/12/29,1383.8746,4.296910877208683,61.83675041909348
2014/12/26,1419.5564,4.476579382005919,64.21494933582859
2014/12/25,1297.9725,4.076687614174198,58.36410156054986
2014/12/24,1247.5092,3.929068366167781,56.25638846093828
2014/12/23,1346.385,4.218042376275487,60.651698172504986
2014/12/22,1341.9123,4.274906123643384,61.12493848459856
2014/12/19,1376.7209,4.374855204285951,62.263361483482676
2014/12/18,1388.1661,4.458866355094483,61.299619350326736
2014/12/17,1487.5379,4.876131773342712,67.6294406491723
2014/12/16,1415.0925,4.6913820691521915,65.85929961403896
2014/12/15,1292.6352,4.264624900352122,59.86805459522165
2014/12/12,1249.6784,4.178784889985842,57.5117539531155
2014/12/11,1218.2199,3.9619988154343777,55.95579632687664
2014/12/10,1311.6426,4.313684837100286,60.6090133699609
2014/12/9,1303.7652,4.348799559110784,61.98825658589016
2014/12/8,1341.2464,4.781136968006745,68.03003518740572
2014/12/5,1228.5315,4.4301912074789165,62.364634344858025
2014/12/4,1116.8612,4.0291446592038564,56.69758869657049
2014/12/3,1029.0288,3.6628587810944144,51.549316395921046
2014/12/2,1006.7188,3.648097200247759,51.35665899850507
2014/12/1,925.3568,3.3466725442189187,47.3301767530312
2014/11/28,910.9728,3.3693934522238607,47.253442755212774
2014/11/27,915.3169,3.447945760688897,47.19724410536495
2014/11/26,862.3514,3.2751811864294886,43.631762794822436
2014/11/25,820.8245,3.1563886993687116,41.867099690655714
2014/11/24,817.7084,3.1948899367486128,41.462075489568655
2014/11/21,766.3922,3.0038832996037748,38.551318011857695
2014/11/20,722.5762,2.777201815985284,35.96781302773397
2014/11/19,710.9116,2.685147187763022,35.422865165885746
2014/11/18,714.3882,2.673526362378285,35.794574439133136
2014/11/17,722.0115,2.7130172477791534,35.814345032097116
2014/11/14,730.8939999999999,2.6939114667950665,36.29759797380228
2014/11/13,737.4846,2.774090318765737,36.971677067295545
2014/11/12,749.7037,2.8607343228683466,38.04279820689332
2014/11/11,716.61,2.709106998012756,35.76338903967392
2014/11/10,711.7744,2.790381125163769,34.86445056080527
2014/11/7,682.8605,2.658339476350012,33.87152774559741
2014/11/6,661.1025,2.53910327348048,32.885673535127864
2014/11/5,660.6282,2.506631784702904,32.430442407687394
2014/11/4,645.6275,2.445332705621771,31.480758988363746
2014/11/3,644.6030000000001,2.4477696467894385,31.88551023477602
2014/10/31,644.3418,2.396742612635397,32.14094432427698
2014/10/30,626.1108,2.383561961989233,32.823326218835156
2014/10/29,622.479,2.3915241199221158,34.38419395562745
2014/10/28,605.014,2.267854778371614,35.304622488157946
2014/10/27,582.0781,2.1493419813415304,34.58755437933917
2014/10/24,603.1234,2.2822533687833872,35.364378163892844
2014/10/23,606.8511,2.262866877219732,35.526769213693974
2014/10/22,612.0777,2.2893414661103733,35.937530039711845
2014/10/21,621.1393,2.3346652285831824,36.74964056158952
2014/10/20,624.2695,2.318930249279316,37.149108031417725
2014/10/17,622.1281,2.303517660764343,36.81504291541923
2014/10/16,612.4861,2.261952874147621,36.17655274265143
2014/10/15,621.8495,2.2822798944302667,36.312536970848974
2014/10/14,599.6805,2.174698821838643,35.17356973289417
2014/10/13,600.7604,2.1779897737857,35.19298272823126
2014/10/10,605.576,2.1993449742112903,35.52375588190688
2014/10/9,606.8176,2.2026359261583464,35.57116448907981
2014/10/8,610.595,2.2435069113029553,36.0605764643264
2014/9/30,607.7569,2.2562108651645385,35.90343317214968
2014/9/29,608.6788,2.2562108651645385,35.931428783985524
2014/9/26,601.3553,2.184471043871854,35.30946070025372
2014/9/25,600.1604,2.1818698728147616,35.234460998847
2014/9/24,604.7094,2.207205806077373,35.72871621411597
2014/9/23,577.8502,2.0341075959684938,33.850968056817415
2014/9/22,568.2133,1.9841585746732129,33.16109127404081
2014/9/19,577.1554,1.9946969855310988,33.43021701356091
2014/9/18,573.7095,1.9848613372074568,33.37197802754967
2014/9/17,569.4497,1.97013186675782,33.02928739850093
2014/9/16,567.3231,1.959045949809612,32.92363980531678
2014/9/15,586.538,2.049973208621772,34.092098184501666
2014/9/12,585.3635,2.0422416699110513,34.012198440813805
2014/9/11,583.7566,2.042701523837694,34.023028819652126
2014/9/10,581.5232,2.0285451087882858,33.925963842966716
2014/9/9,586.2428,2.0405646749936603,34.098433038660886
2014/9/5,592.4189,2.071199115892,34.499362653720866
2014/9/4,587.3838,2.0548449899646752,34.240658860179636
2014/9/3,577.0937,1.9943990431795204,33.37580266587592
2014/9/2,577.4809,1.9982654826319053,33.43555834161083
2014/9/1,563.3329,1.9549708658967748,32.6470600171925
2014/8/29,560.6446,1.9454642359431704,32.503661593982265
2014/8/28,553.0602,1.9143102976220008,31.970231137507696
2014/8/27,553.3355,1.911951828089518,32.08090464740591
2014/8/26,552.592,1.9028704479422047,31.824383721359077
2014/8/25,560.3516,1.986507379839128,34.55694781779925
2014/8/22,570.0111,2.0337912337074258,35.3693275966842
2014/8/21,566.0603,2.007708011103525,35.19887330924277
2014/8/20,574.6076,2.072491014419417,39.24835805963916
2014/8/19,574.7681,2.0758930566939933,39.61009983309406
2014/8/18,580.7593,2.074454041752269,39.334889917758886
2014/8/15,577.8681,2.05574913790541,39.188111296246795
2014/8/14,564.1798,1.9495457397191909,37.565478096025075
2014/8/13,573.1085,1.9786774264641136,38.34554814418293
2014/8/12,570.5327,1.9810831285636572,38.083465337996174
2014/8/11,572.6125,1.9770132447032536,38.25528193250479
2014/8/8,562.4237,1.9461441050315131,37.48167922461838
2014/8/7,562.2443,2.0911412306837187,34.08653692775245
2014/8/6,577.0418,2.157718638342906,35.084106853182845
2014/8/5,574.8738,2.175758735988997,35.229191742891906
2014/8/4,576.2193,2.179556364164699,34.96382119321895
2014/8/1,554.0054,2.113059107344263,33.87451462934349
2014/7/31,566.9045,2.1808237701815933,34.78034791632884
2014/7/30,558.6989,2.153923329582752,34.4215469964078
2014/7/29,556.1075,2.128503980683857,34.17589448107094
2014/7/28,554.3885,2.132282455880865,33.20674902562215
2014/7/25,527.9413,2.000286974858609,30.01822366728978
2014/7/24,520.523,1.9259764096266552,29.79281550322228
2014/7/23,503.3561,1.8299602089873972,28.72990755340554
2014/7/22,499.68199999999996,1.8283781396409453,28.764241993154887
2014/7/21,492.0322,1.7921704773817408,28.334152077835466
2014/7/18,495.8169,1.8112108034225118,28.39716566746571
2014/7/17,492.0386,1.7960439239934396,28.314260016203374
2014/7/16,494.4353,1.8125019522930783,28.417892080281288
2014/7/15,495.2886,1.823086077191656,28.459344905912445
2014/7/14,496.718,1.8326699736955536,28.500797731543607
2014/7/11,489.8098,1.8037548306749995,28.2935336033878
2014/7/10,486.4249,1.7932981727434454,28.189901539309894
2014/7/9,486.2701,1.792130482144002,28.189901539309894
2014/7/8,494.5389,1.8124707097540007,28.43861849309687
2014/7/7,495.1349,1.813936811298936,28.480071318728033
2014/7/4,495.8873,1.8112033037371076,28.480071318728033
2014/7/3,497.8639,1.813738115770895,28.645048270069186
2014/7/2,497.4963,1.8172046741051917,28.73248993030943
2014/7/1,492.5436,1.7794134454156962,28.53234418803543
2014/6/30,493.3808,1.7747025716487437,28.578333022644514
2014/6/27,489.6712,1.7718090093143326,28.272807190572212
2014/6/26,488.5769,1.7601876401178336,28.314260016203374
2014/6/25,483.3271,1.7298903710391205,28.106995888047567
2014/6/24,486.6567,1.7418469306068138,28.25208077775664
2014/6/23,483.5138,1.73187527765726,28.169175126494306
2014/6/20,483.8756,1.722453530123354,28.169175126494306
2014/6/19,482.3739,1.7179102515419986,27.98263741115408
2014/6/18,494.1438,1.7627224521516212,28.803741186712017
2014/6/17,497.1926,1.7667158253173287,29.15092545076912
2014/6/16,504.2548,1.7973718446966649,29.601741778904128
2014/6/13,501.0038,1.7881176923483564,29.47996567891453
2014/6/12,494.9142,1.7650661090703836,29.18330625844443
2014/6/11,496.9209,1.7719530445705014,29.309618367411954
2014/6/10,500.3791,1.78120719691881,29.53502653147946
2014/6/9,490.0556,1.7390974035285718,28.966970112332767
2014/6/6,492.5831,1.746534244444338,29.02203096489771
2014/6/5,497.2251,1.7639427383096582,29.38540563279247
2014/6/4,491.7914,1.7412734652617368,29.06348379052887
2014/6/3,496.6792,1.7545209907757529,29.371797605858703
2014/5/30,499.7497,1.7652337042559807,29.64319460453529
2014/5/29,497.4788,1.7527036793432105,29.585551375066473
2014/5/28,507.8991,1.7978746302534558,30.35828954546507
2014/5/27,497.5547,1.76721861087412,29.8407579699054
2014/5/26,502.8198,1.7873147149126145,30.25465748138717
2014/5/23,503.7103,1.787349404180195,30.351171159583263
2014/5/22,498.8707,1.7731126633031922,30.00398689552616
2014/5/21,501.35900000000004,1.7827485011416908,30.266311876246906
2014/5/20,496.2904,1.7668520000964345,29.810959539133968
2014/5/19,494.4919,1.7651547346269525,29.810959539133968
2014/5/16,505.9314,1.8038370829711128,30.48523039926245
2014/5/15,512.4346,1.817756376816076,30.52410084798972
2014/5/14,526.2080000000001,1.8767455138307956,31.506056778618174
2014/5/13,525.1829,1.873377327541605,31.559163999109074
2014/5/12,528.8212,1.8892461276618329,31.784572163176573
2014/5/9,514.0566,1.8527621779576604,30.20608626987419
2014/5/8,509.7194,1.8375648888437133,30.079774160906677
2014/5/7,506.1085,1.8141908266909756,29.895818822470325
2014/5/6,506.1869,1.824330074826127,29.941807657079416
2014/5/5,508.2715,1.8209271992693563,30.153607794213148
2014/4/30,503.7262,1.8051677407066573,29.882210795536555
2014/4/29,505.4357,1.7851272596846848,30.064212501898872
2014/4/28,494.7646,1.776623881758184,30.68919263152845
2014/4/25,502.8207,1.8087526708101664,31.15056286633132
2014/4/24,507.5891,1.8274878179799736,31.323381148421817
2014/4/23,507.8456,1.8282342105877047,31.222612355667387
2014/4/22,513.4279,1.8427265057688251,31.845014422346097
2014/4/21,509.1779,1.8282342105877047,31.667533764542387
2014/4/18,521.9277,1.8724486261533224,32.56213854481975
2014/4/17,519.7029,1.8645496026391213,32.313862738793475
2014/4/16,519.2674,1.9015546388469893,32.43495123089227
2014/4/15,515.2421,1.8818954410886528,33.914230943743576
2014/4/14,527.9446,1.933042678357252,35.031838606780155
2014/4/11,529.6265,1.9390404069755232,35.208901912810134
2014/4/10,533.4753,1.9659746234390965,35.94393892604914
2014/4/9,511.2554,1.9376958597093716,36.16247650007432
2014/4/8,514.2582,1.9294904967760207,36.111112121464245
2014/4/4,500.917,1.871739366583815,34.766197966526974
2014/4/3,493.3017,1.844949492870616,33.94544848904674
2014/4/2,491.5465,1.8246932740607105,34.24183198665853
2014/4/1,488.8939,1.8211154286155928,33.59274212076382
2014/3/31,483.37,1.8007120053372223,33.623117882624804
2014/3/28,487.3548,1.808522950327482,33.40887713030684
2014/3/27,490.3489,1.8240852862751893,34.148490374550235
2014/3/26,496.4863,1.848131209882191,34.543979185976966
2014/3/25,500.7271,1.8785063861561029,34.83512882089235
2014/3/24,501.3891,1.8502337285155304,34.27200644610809
2014/3/21,490.3662,1.8294419582461217,32.68609922039711
2014/3/20,468.2526,1.7578972201338088,30.6632557887714
2014/3/19,476.6434,1.7774041103236238,31.516595354638014
2014/3/18,480.0575,1.787799995458328,31.718630728084502
2014/3/17,483.1006,1.802926581634536,31.82276860218445
2014/3/14,481.7592,1.806664513841325,31.63032167626121
2014/3/13,483.8775,1.8105191540801069,31.664162222975477
2014/3/12,477.3459,1.7883840814821284,31.0271425444
2014/3/11,482.884,1.7911442322276403,31.06177891033971
2014/3/10,480.6715,1.7769952910467508,31.0415955032362
2014/3/7,496.1368,1.8411811457093965,32.26966443608076
2014/3/6,500.754,1.859344733570641,32.79000834640359
2014/3/5,496.2002,1.8373265054706136,32.55145241041251
2014/3/4,502.5535,1.8846336523516083,33.153962561216204
2014/3/3,502.0145,1.8815966506665716,33.09197972783885
2014/2/28,508.191,1.9093384851087756,33.61089102609486
2014/2/27,485.1477,1.8144508262119603,32.314329086488264
2014/2/26,487.7681,1.833373636745448,32.21484466303754
2014/2/25,491.20599999999996,1.8303995532877613,32.435429529109314
2014/2/24,506.7037,1.8936862351577428,33.34785384679979
2014/2/21,514.4914,1.926702809333291,31.855218439164553
2014/2/20,525.8344,1.9799669913553948,32.71857395007814
2014/2/19,539.3788,2.040630351621151,33.71128120031537
2014/2/18,537.8973,2.0394038937905328,33.565784192680624
2014/2/17,555.9349,2.1128175980062402,34.818720771953764
2014/2/14,551.1313,2.0986254948817287,34.720611586695384
2014/2/13,548.4493,2.0787097854150414,34.54269055030511
2014/2/12,556.0996,2.119008445874265,34.9359495348687
2014/2/11,555.3085,2.1447060474661472,35.04818541475608
2014/2/10,553.3462,2.1229799306109993,35.027391639115784
2014/2/7,540.4562,2.0481645018177463,34.348953765840285
2014/1/30,536.3717,2.0470548884850794,33.924107851513085
2014/1/29,544.2122,2.097223770304183,34.386258682466014
2014/1/28,539.3865,2.0717751771279853,33.77397328665589
2014/1/27,535.3563,2.049406784668185,33.521978945687025
2014/1/24,550.5792,2.115997645084528,34.36486674739343
2014/1/23,543.8157,2.0777584455069675,34.01864194455649
2014/1/22,548.6805,2.0766149761269164,34.09081568513577
2014/1/21,533.8911,2.017671541506528,33.16567565941095
2014/1/20,522.9769,1.9813845850798253,32.661542565459406
2014/1/17,525.2826,1.9776693390696536,32.478023020532234
2014/1/16,527.1721,2.0028863604014675,32.96218014297127
2014/1/15,525.3865,1.9947061006068905,32.90564365353165
2014/1/14,526.4313,1.9862546867174125,33.114329376155496
2014/1/13,521.7723,1.9566438798043413,32.758487303374984
2014/1/10,525.4815,1.9749467856879372,33.18167387518029
2014/1/9,536.55,2.036416717818325,33.41884151056213
2014/1/8,546.1839,2.065500132506756,34.12730278054296
2014/1/7,541.5291,2.0547956542542742,33.66806401743652
2014/1/6,545.6085,2.067680410142264,33.767517167749986
2014/1/3,546.3786,2.0908981393050814,34.250582517495474
2014/1/2,560.8615,2.1595988598283395,35.24422705018566
2013/12/31,565.3455,2.177187093543796,35.672795512507186
2013/12/30,555.2641,2.141677872139581,35.070153744344225
2013/12/27,555.3718,2.146618382096725,35.0183020844453
2013/12/26,543.7605,2.0776209188912373,34.0950275377987
2013/12/25,552.8865,2.12696466926384,34.80348880777953
2013/12/24,542.6584,2.0757879078798926,33.97068970983617
2013/12/23,544.6342,2.0882785443013665,34.238412737410876
2013/12/20,545.6875,2.073920525658604,34.49502580938048
2013/12/19,559.4402,2.138164802570225,34.877033066853144
2013/12/18,560.4341,2.1479940800885213,35.004016122340694
2013/12/17,555.3419,2.126657331906916,34.580209069564205
2013/12/16,555.304,2.138221252623264,34.61512953983349
2013/12/13,567.6843,2.1922423450065267,35.55692241262474
2013/12/12,563.2401,2.1816119736508064,35.344225317979
2013/12/11,564.3363,2.186831513326976,35.451102910806874
2013/12/10,582.599,2.2386735675507583,36.96220421800682
2013/12/9,580.9372,2.202755074639182,36.820406154909655
2013/12/6,582.0275,2.1974987098228542,36.55321217283995
2013/12/5,594.0589,2.225758293014307,37.423047923072616
2013/12/4,589.4814,2.223188532855118,37.22834010906651
2013/12/3,589.6246,2.197490931263237,37.043156847619976
2013/12/2,591.2564,2.2052002117408014,37.19500850878172
2013/11/29,563.1767,2.1224036951956577,34.96184345692786
2013/11/28,562.8227,2.126981163952907,35.03742731801714
2013/11/27,564.1603,2.1329478104645645,35.21028326537294
2013/11/26,546.702,2.0615872586369144,34.02205206506649
2013/11/25,543.3329,2.0450364568718884,33.687364797960754
2013/11/22,547.6277,2.064324331286413,34.00427940244752
2013/11/21,547.474,2.078248687591641,34.23458551823917
2013/11/20,550.9689,2.0696696001775794,34.09408139363198
2013/11/19,547.7727,2.0596207429781974,33.928478923337565
2013/11/18,554.4419,2.092641023664471,34.472145111092175
2013/11/15,521.0067,1.9897887622004489,32.77658731434488
2013/11/14,494.6802,1.8673488059555892,30.757150260077033
2013/11/13,491.6487,1.8429496525336992,30.541933962114463
2013/11/12,507.5339,1.9091821639397253,31.4772676239202
2013/11/11,501.4378,1.8749625181996683,31.15219023737328
2013/11/8,501.8461,1.8763958731372528,31.10230597348313
2013/11/7,519.7797,1.974076566525456,32.51741170232154
2013/11/6,524.7324,1.9794376925912218,32.75526011920213
2013/11/5,534.0301,2.023196731499913,33.558029712973216
2013/11/4,536.0145,2.011536620477409,33.69497930505661
2013/11/1,540.9633,2.0305745290451567,34.076669761047505
2013/10/31,534.9808,1.9822487207797264,33.41092196536671
2013/10/30,540.9948,1.9858611628071148,33.37230675429247
2013/10/29,537.0117,1.979376527195036,35.96402635725015
2013/10/28,528.433,1.9995697727140092,40.406610697665855
2013/10/25,529.2103,2.0197087961049087,43.565823845547115
2013/10/24,533.5892,2.024285846875567,43.97469450068848
2013/10/23,542.2997,2.068856588744548,45.287684996857216
2013/10/22,543.9674,2.075612470509512,45.57761518469821
2013/10/21,552.0989,2.119181443671142,46.08514978458845
2013/10/18,545.2169,2.0996854824756563,45.698483299367275
2013/10/17,536.9373,2.075582214883494,45.14261538882439
2013/10/16,535.5304,2.0760361439228774,44.82551545446438
2013/10/15,549.8665,2.1083553993515727,46.203899651682704
2013/10/14,548.5609,2.1063884050639503,46.00490208070201
2013/10/11,553.5165,2.124454515813885,46.088483633820196
2013/10/10,543.3171,2.0743414975939736,45.19392347899142
2013/10/9,562.3679,2.1286003410958134,46.28072120142065
2013/10/8,559.644,2.109588564565729,45.974535926985034
2013/9/30,553.007,2.074689508280015,45.32875070917414
2013/9/27,559.5043,2.089230152392782,45.76016052007522
2013/9/26,547.0697,2.0622217768082125,45.197361512355464
2013/9/25,558.299,2.117721337599573,46.188132297612256
2013/9/24,563.2833,2.139721436924753,46.48722265268735
2013/9/23,578.2862,2.2229498898099718,47.44000667141978
2013/9/18,572.7391,2.2002422299105824,47.018705804898644
2013/9/17,567.7115,2.1947527550776282,47.0763219672021
2013/9/16,578.991,2.217169277869411,47.63361861832989
2013/9/13,589.1354,2.250882891202787,48.235700589450474
2013/9/12,598.7998,2.2935779639227647,48.77502413949442
2013/9/11,583.9755,2.250962650840175,47.95950554936765
2013/9/10,587.1516,2.2641848200958834,47.99995746895252
2013/9/9,564.404,2.214371285722709,47.63376052873311
2013/9/6,534.6584,2.127600046014921,45.942080052954
2013/9/5,530.5102,2.115523786037868,45.35147871667704
2013/9/4,535.9806,2.1461452750107024,45.8511625798668
2013/9/3,540.945,2.166710457470777,46.396305179600155
2013/9/2,539.7114,2.1872250474854598,46.61256739047406
2013/8/30,538.3539,2.1656547903475936,46.260484200882395
2013/8/29,532.5809,2.1187890442815043,45.776779192036
2013/8/28,529.2529,2.0928870394142733,45.56728055450942
2013/8/27,536.4567,2.1202542719527337,47.34780132897434
2013/8/26,535.9104,2.116474732693145,47.10432132104018
2013/8/23,509.4766,2.0189235669074743,45.111342976526835
2013/8/22,516.5077,2.045080844825716,45.73286257268399
2013/8/21,520.2173,2.0567099005983343,46.084376137679655
2013/8/20,517.8125,2.038028709197469,45.63405728303657
2013/8/19,528.7166,2.075070357403578,45.965995071727114
2013/8/16,540.6384,2.1424567980655755,46.8666327810133
2013/8/15,539.8417,2.1674321664024347,46.68404193703982
2013/8/14,548.7581,2.1929220065692565,47.257297898619214
2013/8/13,555.0258,2.20743907990814,47.599699381647355
2013/8/12,556.1278,2.2137588743614707,47.61927515795248
2013/8/9,535.271,2.138187579230928,46.081171709065984
2013/8/8,529.0954,2.105660423155757,45.66637477417118
2013/8/7,536.8454,2.124608713252857,46.52300030385779
2013/8/6,542.3525,2.1570360299619926,46.66060227757605
2013/8/5,539.5404,2.132673942694292,46.505845107434425
2013/8/2,531.8781,2.0958164789375378,45.94703981551532
2013/8/1,536.0246,2.1183111053253114,46.10364791392844
2013/7/31,517.0607,2.052539381361417,44.70848561240215
2013/7/30,513.9809,2.017382979541196,44.778460484387075
2013/7/29,501.9954,1.9768238738132669,43.88928379921837
2013/7/26,519.985,2.047158863979495,45.242731994811976
2013/7/25,526.2715,2.06506803763915,46.052679166638384
2013/7/24,526.26,2.0732441997095146,46.32467809951202
2013/7/23,531.4217,2.1029535245704567,46.042927683300924
2013/7/22,508.034,2.027271296810986,44.483753570275624
2013/7/19,499.6008,1.9786902561306343,44.07970544849815
2013/7/18,516.9601,2.052583381937364,45.57680524460453
2013/7/17,528.2963,2.095282836329703,46.25840508407007
2013/7/16,543.9425,2.1682577909747858,47.379717524451216
2013/7/15,541.3329,2.160238555508955,47.23051313912403
