date,roe
2019-12-18,3.2139
2019-12-17,3.2133
2019-12-16,3.1854
2019-12-13,3.1828
2019-12-12,3.1652
2019-12-11,3.1702
2019-12-10,3.1776
2019-12-09,3.1903
2019-12-06,3.1751
2019-12-05,3.1776
2019-12-04,3.1751
2019-12-03,3.1746
2019-12-02,3.2062
2019-11-29,3.165
2019-11-28,3.165
2019-11-27,3.17
2019-11-26,3.1675
2019-11-25,3.1875
2019-11-22,3.1747
2019-11-21,3.1749
2019-11-20,3.1747
2019-11-19,3.1743
2019-11-18,3.1993
2019-11-15,3.2355
2019-11-14,3.2555
2019-11-13,3.237
2019-11-12,3.255
2019-11-11,3.2463
2019-11-08,3.2765
2019-11-07,3.2736
2019-11-06,3.2555
2019-11-05,3.2454
2019-11-04,3.2954
2019-11-01,3.2757
2019-10-31,3.288
2019-10-30,3.3125
2019-10-29,3.3029
2019-10-28,3.2924
2019-10-25,3.2372
2019-10-24,3.2196
2019-10-23,3.2122
2019-10-22,3.2196
2019-10-21,3.2196
2019-10-18,3.187
2019-10-17,3.1569
2019-10-16,3.1693
2019-10-15,3.1668
2019-10-14,3.1641
2019-10-12,3.1716
2019-10-11,3.1564
2019-10-10,3.1289
2019-10-09,3.1089
2019-10-08,3.1063
2019-09-30,3.1411
2019-09-29,3.1434
2019-09-27,3.1482
2019-09-26,3.1381
2019-09-25,3.1157
2019-09-24,3.1205
2019-09-23,3.1005
2019-09-20,3.098
2019-09-19,3.1053
2019-09-18,3.1278
2019-09-17,3.1076
2019-09-16,3.0926
2019-09-12,3.0876
2019-09-11,3.0525
2019-09-10,3.0425
2019-09-09,3.025
2019-09-06,3.0173
2019-09-05,3.0173
2019-09-04,3.0473
2019-09-03,3.0624
2019-09-02,3.0723
2019-08-30,3.0573
2019-08-29,3.0321
2019-08-28,3.052
2019-08-27,3.052
2019-08-26,3.0494
2019-08-23,3.0644
2019-08-22,3.0543
2019-08-21,3.0567
2019-08-20,3.0317
2019-08-19,3.0191
2019-08-16,3.0217
2019-08-15,3.0115
2019-08-14,3.0105
2019-08-13,3.0041
2019-08-12,3.0391
2019-08-09,3.0216
2019-08-08,3.0465
2019-08-07,3.0514
2019-08-06,3.0613
2019-08-05,3.0563
2019-08-02,3.0914
2019-08-01,3.1487
2019-07-31,3.1552
2019-07-30,3.1761
2019-07-29,3.1836
2019-07-26,3.1661
2019-07-25,3.1635
2019-07-24,3.171
2019-07-23,3.1484
2019-07-22,3.1484
2019-07-19,3.1559
2019-07-18,3.1608
2019-07-17,3.1757
2019-07-16,3.1732
2019-07-15,3.1782
2019-07-12,3.1531
2019-07-11,3.168
2019-07-10,3.1706
2019-07-09,3.168
2019-07-08,3.1805
2019-07-05,3.1705
2019-07-04,3.1479
2019-07-03,3.1554
2019-07-02,3.1704
2019-07-01,3.2254
2019-06-28,3.2254
2019-06-27,3.2553
2019-06-26,3.2453
2019-06-25,3.2353
2019-06-24,3.2453
2019-06-21,3.2303
2019-06-20,3.2352
2019-06-19,3.2427
2019-06-18,3.2302
2019-06-17,3.2252
2019-06-14,3.2302
2019-06-13,3.2451
2019-06-12,3.2601
2019-06-11,3.2651
2019-06-10,3.2251
2019-06-06,3.2136
2019-06-05,3.21
2019-06-04,3.2101
2019-06-03,3.2401
2019-05-31,3.2751
2019-05-30,3.275
2019-05-29,3.2875
2019-05-28,3.31
2019-05-27,3.35
2019-05-24,3.3125
2019-05-23,3.31
2019-05-22,3.3264
2019-05-21,3.299
2019-05-20,3.2717
2019-05-17,3.2665
2019-05-16,3.2662
2019-05-15,3.2762
2019-05-14,3.2859
2019-05-13,3.2709
2019-05-10,3.3017
2019-05-09,3.3116
2019-05-08,3.3426
2019-05-07,3.3551
2019-05-06,3.355
2019-05-05,3.3849
2019-04-30,3.3869
2019-04-29,3.4268
2019-04-28,3.4043
2019-04-26,3.4043
2019-04-25,3.4193
2019-04-24,3.4343
2019-04-23,3.3993
2019-04-22,3.4091
2019-04-19,3.3741
2019-04-18,3.3589
2019-04-17,3.3938
2019-04-16,3.3937
2019-04-15,3.3736
2019-04-12,3.3334
2019-04-11,3.2784
2019-04-10,3.2932
2019-04-09,3.2882
2019-04-08,3.2482
2019-04-04,3.2679
2019-04-03,3.2331
2019-04-02,3.1681
2019-04-01,3.1332
2019-03-29,3.0683
2019-03-28,3.0634
2019-03-27,3.0882
2019-03-26,3.0633
2019-03-25,3.0831
2019-03-22,3.108
2019-03-21,3.1291
2019-03-20,3.1453
2019-03-19,3.1377
2019-03-18,3.1377
2019-03-15,3.1376
2019-03-14,3.1475
2019-03-13,3.1375
2019-03-12,3.1424
2019-03-11,3.1374
2019-03-08,3.1423
2019-03-07,3.1572
2019-03-06,3.2021
2019-03-05,3.2149
2019-03-04,3.2023
2019-03-01,3.187
2019-02-28,3.1731
2019-02-27,3.1689
2019-02-26,3.1878
2019-02-25,3.1787
2019-02-22,3.1451
2019-02-21,3.1361
2019-02-20,3.1196
2019-02-19,3.1279
2019-02-18,3.1094
2019-02-15,3.0794
2019-02-14,3.0726
2019-02-13,3.0719
2019-02-12,3.0748
2019-02-11,3.067
2019-02-03,3.0967
2019-02-02,3.0978
2019-02-01,3.1032
2019-01-31,3.1037
2019-01-30,3.1151
2019-01-29,3.1246
2019-01-28,3.1397
2019-01-25,3.1398
2019-01-24,3.1338
2019-01-23,3.119
2019-01-22,3.1071
2019-01-21,3.1037
2019-01-18,3.091
2019-01-17,3.076
2019-01-16,3.0745
2019-01-15,3.1383
2019-01-14,3.1297
2019-01-11,3.1058
2019-01-10,3.1006
2019-01-09,3.1106
2019-01-08,3.1211
2019-01-07,3.1507
2019-01-04,3.1513
2019-01-03,3.141
2019-01-02,3.1734
2018-12-31,3.2265
2018-12-30,3.2265
2018-12-29,3.2265
2018-12-28,3.2315
2018-12-27,3.2709
2018-12-26,3.3011
2018-12-25,3.3113
2018-12-24,3.3483
2018-12-21,3.3168
2018-12-20,3.3003
2018-12-19,3.3412
2018-12-18,3.3714
2018-12-17,3.3713
2018-12-14,3.3468
2018-12-13,3.3311
2018-12-12,3.2703
2018-12-11,3.2652
2018-12-10,3.2678
2018-12-07,3.2853
2018-12-06,3.2751
2018-12-05,3.275
2018-12-04,3.305
2018-12-03,3.35
2018-11-30,3.355
2018-11-29,3.36
2018-11-28,3.37
2018-11-27,3.4
2018-11-26,3.4151
2018-11-23,3.3917
2018-11-22,3.3917
2018-11-21,3.3716
2018-11-20,3.3771
2018-11-19,3.3772
2018-11-16,3.3515
2018-11-15,3.3915
2018-11-14,3.4218
2018-11-13,3.474
2018-11-12,3.4865
2018-11-09,3.4763
2018-11-08,3.4813
2018-11-07,3.4813
2018-11-06,3.5113
2018-11-05,3.5312
2018-11-02,3.5461
2018-11-01,3.4936
2018-10-31,3.5086
2018-10-30,3.5161
2018-10-29,3.5111
2018-10-26,3.541
2018-10-25,3.5409
2018-10-24,3.5409
2018-10-23,3.5709
2018-10-22,3.591
2018-10-19,3.5658
2018-10-18,3.5508
2018-10-17,3.5807
2018-10-16,3.5757
2018-10-15,3.5857
2018-10-12,3.5831
2018-10-11,3.5806
2018-10-10,3.6156
2018-10-09,3.6156
2018-10-08,3.6155
2018-09-30,3.6103
2018-09-29,3.6104
2018-09-28,3.6153
2018-09-27,3.6253
2018-09-26,3.6503
2018-09-25,3.6754
2018-09-21,3.6752
2018-09-20,3.7003
2018-09-19,3.6727
2018-09-18,3.6452
2018-09-17,3.6327
2018-09-14,3.6351
2018-09-13,3.6526
2018-09-12,3.6551
2018-09-11,3.6751
2018-09-10,3.6551
2018-09-07,3.6301
2018-09-06,3.6101
2018-09-05,3.6101
2018-09-04,3.6101
2018-09-03,3.5951
2018-08-31,3.5751
2018-08-30,3.5801
2018-08-29,3.6101
2018-08-28,3.6101
2018-08-27,3.6303
2018-08-24,3.6278
2018-08-23,3.6101
2018-08-22,3.6075
2018-08-21,3.63
2018-08-20,3.6326
2018-08-17,3.6524
2018-08-16,3.6141
2018-08-15,3.5829
2018-08-14,3.5519
2018-08-13,3.5826
2018-08-10,3.5525
2018-08-09,3.5476
2018-08-08,3.5222
2018-08-07,3.4876
2018-08-06,3.4568
2018-08-03,3.4567
2018-08-02,3.4713
2018-08-01,3.4638
2018-07-31,3.4812
2018-07-30,3.5213
2018-07-27,3.5212
2018-07-26,3.5361
2018-07-25,3.5614
2018-07-24,3.5615
2018-07-23,3.5186
2018-07-20,3.5135
2018-07-19,3.4409
2018-07-18,3.4708
2018-07-17,3.4808
2018-07-16,3.4808
2018-07-13,3.4858
2018-07-12,3.5158
2018-07-11,3.5107
2018-07-10,3.5431
2018-07-09,3.5432
2018-07-06,3.5259
2018-07-05,3.5005
2018-07-04,3.5107
2018-07-03,3.4955
2018-07-02,3.4668
2018-06-29,3.4756
2018-06-28,3.5304
2018-06-27,3.5529
2018-06-26,3.5804
2018-06-25,3.5803
2018-06-22,3.5604
2018-06-21,3.5753
2018-06-20,3.6054
2018-06-19,3.5603
2018-06-15,3.6028
2018-06-14,3.6227
2018-06-13,3.6627
2018-06-12,3.6853
2018-06-11,3.6502
2018-06-08,3.6453
2018-06-07,3.6702
2018-06-06,3.6602
2018-06-05,3.6602
2018-06-04,3.6532
2018-06-01,3.6202
2018-05-31,3.6129
2018-05-30,3.5976
2018-05-29,3.6001
2018-05-28,3.6101
2018-05-25,3.6126
2018-05-24,3.6501
2018-05-23,3.64
2018-05-22,3.67
2018-05-21,3.6939
2018-05-18,3.7099
2018-05-17,3.712
2018-05-16,3.7076
2018-05-15,3.7151
2018-05-14,3.6937
2018-05-11,3.6882
2018-05-10,3.6924
2018-05-09,3.7074
2018-05-08,3.6922
2018-05-07,3.6518
2018-05-04,3.6319
2018-05-03,3.6467
2018-05-02,3.6665
2018-04-28,3.6217
2018-04-27,3.6364
2018-04-26,3.6344
2018-04-25,3.6118
2018-04-24,3.5855
2018-04-23,3.6019
2018-04-20,3.5215
2018-04-19,3.5064
2018-04-18,3.5013
2018-04-17,3.6512
2018-04-16,3.6561
2018-04-13,3.7062
2018-04-12,3.7109
2018-04-11,3.7109
2018-04-10,3.7159
2018-04-09,3.6959
2018-04-08,3.7008
2018-04-04,3.7234
2018-04-03,3.7507
2018-04-02,3.7357
2018-03-30,3.7407
2018-03-29,3.7456
2018-03-28,3.7406
2018-03-27,3.7432
2018-03-26,3.7307
2018-03-23,3.7005
2018-03-22,3.748
2018-03-21,3.763
2018-03-20,3.7906
2018-03-19,3.8104
2018-03-16,3.8154
2018-03-15,3.8257
2018-03-14,3.8413
2018-03-13,3.8362
2018-03-12,3.8243
2018-03-09,3.8278
2018-03-08,3.8203
2018-03-07,3.8203
2018-03-06,3.8253
2018-03-05,3.8453
2018-03-02,3.8352
2018-03-01,3.8201
2018-02-28,3.8202
2018-02-27,3.8201
2018-02-26,3.8452
2018-02-24,3.8652
2018-02-23,3.8702
2018-02-22,3.8752
2018-02-14,3.8702
2018-02-13,3.87
2018-02-12,3.875
2018-02-11,3.8775
2018-02-09,3.88
2018-02-08,3.8801
2018-02-07,3.87
2018-02-06,3.8825
2018-02-05,3.9167
2018-02-02,3.9092
2018-02-01,3.9066
2018-01-31,3.914
2018-01-30,3.9292
2018-01-29,3.9368
2018-01-26,3.9365
2018-01-25,3.9435
2018-01-24,3.9507
2018-01-23,3.9414
2018-01-22,3.9522
2018-01-19,3.9754
2018-01-18,3.9797
2018-01-17,3.9597
2018-01-16,3.9596
2018-01-15,3.965
2018-01-12,3.9337
2018-01-11,3.9546
2018-01-10,3.9201
2018-01-09,3.8909
2018-01-08,3.911
2018-01-05,3.9212
2018-01-04,3.9319
2018-01-03,3.9162
2018-01-02,3.9008
2017-12-31,3.8807
2017-12-30,3.8807
2017-12-29,3.8807
2017-12-28,3.8857
2017-12-27,3.8956
2017-12-26,3.8881
2017-12-25,3.8731
2017-12-22,3.878
2017-12-21,3.9005
2017-12-20,3.9005
2017-12-19,3.9005
2017-12-18,3.8904
2017-12-15,3.8904
2017-12-14,3.9104
2017-12-13,3.9303
2017-12-12,3.9378
2017-12-11,3.9303
2017-12-08,3.9102
2017-12-07,3.8927
2017-12-06,3.8752
2017-12-05,3.8752
2017-12-04,3.8902
2017-12-01,3.8852
2017-11-30,3.8901
2017-11-29,3.9101
2017-11-28,3.9601
2017-11-27,3.9501
2017-11-24,3.9463
2017-11-23,3.9851
2017-11-22,3.985
2017-11-21,3.95
2017-11-20,3.94
2017-11-17,3.92
2017-11-16,3.9225
2017-11-15,3.95
2017-11-14,3.9525
2017-11-13,3.95
2017-11-10,3.9
2017-11-09,3.8863
2017-11-08,3.8725
2017-11-07,3.8813
2017-11-06,3.8694
2017-11-03,3.8816
2017-11-02,3.8718
2017-11-01,3.863
2017-10-31,3.8917
2017-10-30,3.9115
2017-10-27,3.8266
2017-10-26,3.7769
2017-10-25,3.7768
2017-10-24,3.722
2017-10-23,3.7231
2017-10-20,3.7217
2017-10-19,3.7167
2017-10-18,3.7366
2017-10-17,3.7409
2017-10-16,3.7054
2017-10-13,3.674
2017-10-12,3.6765
2017-10-11,3.654
2017-10-10,3.647
2017-10-09,3.6477
2017-09-30,3.6136
2017-09-29,3.6136
2017-09-28,3.6136
2017-09-27,3.6235
2017-09-26,3.6172
2017-09-25,3.5985
2017-09-22,3.6209
2017-09-21,3.6334
2017-09-20,3.6209
2017-09-19,3.6158
2017-09-18,3.622
2017-09-15,3.5982
2017-09-14,3.5982
2017-09-13,3.6356
2017-09-12,3.6181
2017-09-11,3.6156
2017-09-08,3.6005
2017-09-07,3.6155
2017-09-06,3.6554
2017-09-05,3.6641
2017-09-04,3.6454
2017-09-01,3.6353
2017-08-31,3.6265
2017-08-30,3.6303
2017-08-29,3.6303
2017-08-28,3.6502
2017-08-25,3.6327
2017-08-24,3.6252
2017-08-23,3.6152
2017-08-22,3.6201
2017-08-21,3.6181
2017-08-18,3.5951
2017-08-17,3.5926
2017-08-16,3.5988
2017-08-15,3.5801
2017-08-14,3.5925
2017-08-11,3.6163
2017-08-10,3.6375
2017-08-09,3.66
2017-08-08,3.6538
2017-08-07,3.6626
2017-08-04,3.6262
2017-08-03,3.6262
2017-08-02,3.6311
2017-08-01,3.6373
2017-07-31,3.626
2017-07-28,3.6034
2017-07-27,3.6021
2017-07-26,3.617
2017-07-25,3.592
2017-07-24,3.5769
2017-07-21,3.5829
2017-07-20,3.574
2017-07-19,3.5901
2017-07-18,3.5851
2017-07-17,3.5626
2017-07-14,3.5637
2017-07-13,3.5643
2017-07-12,3.5749
2017-07-11,3.5836
2017-07-10,3.5911
2017-07-07,3.5897
2017-07-06,3.566
2017-07-05,3.576
2017-07-04,3.6009
2017-07-03,3.6033
2017-06-30,3.5683
2017-06-29,3.5483
2017-06-28,3.5333
2017-06-27,3.5084
2017-06-26,3.5134
2017-06-23,3.5457
2017-06-22,3.5607
2017-06-21,3.5406
2017-06-20,3.4881
2017-06-19,3.5006
2017-06-16,3.568
2017-06-15,3.5554
2017-06-14,3.5354
2017-06-13,3.5754
2017-06-12,3.5841
2017-06-09,3.6303
2017-06-08,3.6478
2017-06-07,3.6427
2017-06-06,3.6328
2017-06-05,3.6152
2017-06-02,3.6277
2017-06-01,3.6152
2017-05-31,3.6102
2017-05-27,3.6499
2017-05-26,3.6501
2017-05-25,3.6476
2017-05-24,3.6601
2017-05-23,3.6725
2017-05-22,3.6601
2017-05-19,3.625
2017-05-18,3.6075
2017-05-17,3.6275
2017-05-16,3.6225
2017-05-15,3.61
2017-05-12,3.6525
2017-05-11,3.64
2017-05-10,3.69
2017-05-09,3.6325
2017-05-08,3.6042
2017-05-05,3.5592
2017-05-04,3.5517
2017-05-03,3.5219
2017-05-02,3.487
2017-04-28,3.4668
2017-04-27,3.4494
2017-04-26,3.4519
2017-04-25,3.4568
2017-04-24,3.4991
2017-04-21,3.4614
2017-04-20,3.424
2017-04-19,3.4065
2017-04-18,3.4064
2017-04-17,3.416
2017-04-14,3.3599
2017-04-13,3.322
2017-04-12,3.3283
2017-04-11,3.3209
2017-04-10,3.3166
2017-04-07,3.2966
2017-04-06,3.3109
2017-04-05,3.3102
2017-04-01,3.273
2017-03-31,3.2828
2017-03-30,3.289
2017-03-29,3.2695
2017-03-28,3.2626
2017-03-27,3.2451
2017-03-24,3.2529
2017-03-23,3.3034
2017-03-22,3.3068
2017-03-21,3.3141
2017-03-20,3.3141
2017-03-17,3.3124
2017-03-16,3.3097
2017-03-15,3.3524
2017-03-14,3.3653
2017-03-13,3.3851
2017-03-10,3.4156
2017-03-09,3.4151
2017-03-08,3.4088
2017-03-07,3.3643
2017-03-06,3.3615
2017-03-03,3.3573
2017-03-02,3.3483
2017-03-01,3.3252
2017-02-28,3.2921
2017-02-27,3.2871
2017-02-24,3.2916
2017-02-23,3.2714
2017-02-22,3.2839
2017-02-21,3.3013
2017-02-20,3.2812
2017-02-17,3.3311
2017-02-16,3.3559
2017-02-15,3.4058
2017-02-14,3.4107
2017-02-13,3.4192
2017-02-10,3.4368
2017-02-09,3.4148
2017-02-08,3.4591
2017-02-07,3.4866
2017-02-06,3.4905
2017-02-04,3.4099
2017-02-03,3.4214
2017-01-26,3.3465
2017-01-25,3.3463
2017-01-24,3.2837
2017-01-23,3.2429
2017-01-22,3.255
2017-01-20,3.244
2017-01-19,3.2584
2017-01-18,3.2682
2017-01-17,3.2692
2017-01-16,3.2496
2017-01-13,3.2022
2017-01-12,3.1888
2017-01-11,3.2055
2017-01-10,3.1792
2017-01-09,3.1692
2017-01-06,3.1953
2017-01-05,3.2086
2017-01-04,3.1823
2017-01-03,3.1054
2016-12-31,3.0115
2016-12-30,3.0115
2016-12-29,3.0471
2016-12-28,3.1223
2016-12-27,3.1628
2016-12-26,3.1551
2016-12-23,3.1769
2016-12-22,3.1908
2016-12-21,3.2815
2016-12-20,3.3739
2016-12-19,3.3316
2016-12-16,3.2803
2016-12-15,3.3315
2016-12-14,3.2186
2016-12-13,3.1863
2016-12-12,3.1458
2016-12-09,3.0853
2016-12-08,3.0753
2016-12-07,3.0877
2016-12-06,3.1151
2016-12-05,3.0302
2016-12-02,2.9895
2016-12-01,2.9893
2016-11-30,2.9502
2016-11-29,2.8906
2016-11-28,2.8502
2016-11-25,2.865
2016-11-24,2.8502
2016-11-23,2.8451
2016-11-22,2.8689
2016-11-21,2.8851
2016-11-18,2.8901
2016-11-17,2.9055
2016-11-16,2.8652
2016-11-15,2.8501
2016-11-14,2.8577
2016-11-11,2.815
2016-11-10,2.7926
2016-11-09,2.7651
2016-11-08,2.7634
2016-11-07,2.7475
2016-11-04,2.7339
2016-11-03,2.7301
2016-11-02,2.7372
2016-11-01,2.7375
2016-10-31,2.7425
2016-10-28,2.7027
2016-10-27,2.7068
2016-10-26,2.72
2016-10-25,2.6859
2016-10-24,2.6595
2016-10-21,2.6451
2016-10-20,2.6518
2016-10-19,2.6664
2016-10-18,2.6965
2016-10-17,2.6904
2016-10-14,2.6952
2016-10-13,2.701
2016-10-12,2.7098
2016-10-11,2.6835
2016-10-10,2.6735
2016-10-09,2.676
2016-10-08,2.7047
2016-09-30,2.7258
2016-09-29,2.7282
2016-09-28,2.7244
2016-09-27,2.7144
2016-09-26,2.7157
2016-09-23,2.7318
2016-09-22,2.7456
2016-09-21,2.7518
2016-09-20,2.7431
2016-09-19,2.7605
2016-09-18,2.7655
2016-09-14,2.7579
2016-09-13,2.7654
2016-09-12,2.7916
2016-09-09,2.7678
2016-09-08,2.7753
2016-09-07,2.7853
2016-09-06,2.7628
2016-09-05,2.7503
2016-09-02,2.7452
2016-09-01,2.7452
2016-08-31,2.7425
2016-08-30,2.7527
2016-08-29,2.7064
2016-08-26,2.6927
2016-08-25,2.7201
2016-08-24,2.7301
2016-08-23,2.7201
2016-08-22,2.6801
2016-08-19,2.7001
2016-08-18,2.6801
2016-08-17,2.6901
2016-08-16,2.6651
2016-08-15,2.6401
2016-08-12,2.6701
2016-08-11,2.6875
2016-08-10,2.695
2016-08-09,2.7125
2016-08-08,2.7472
2016-08-05,2.7534
2016-08-04,2.7694
2016-08-03,2.7718
2016-08-02,2.7792
2016-08-01,2.783
2016-07-29,2.7768
2016-07-28,2.7867
2016-07-27,2.7967
2016-07-26,2.7913
2016-07-25,2.8068
2016-07-22,2.7907
2016-07-21,2.7806
2016-07-20,2.7996
2016-07-19,2.8197
2016-07-18,2.8271
2016-07-15,2.8271
2016-07-14,2.8395
2016-07-13,2.8494
2016-07-12,2.8368
2016-07-11,2.8268
2016-07-08,2.8016
2016-07-07,2.8066
2016-07-06,2.8365
2016-07-05,2.8514
2016-07-04,2.8314
2016-07-01,2.8038
2016-06-30,2.8411
2016-06-29,2.8586
2016-06-28,2.861
2016-06-27,2.831
2016-06-24,2.8808
2016-06-23,2.9307
2016-06-22,2.9307
2016-06-21,2.9405
2016-06-20,2.9481
2016-06-17,2.9379
2016-06-16,2.9455
2016-06-15,2.9604
2016-06-14,2.9654
2016-06-13,2.9979
2016-06-12,3.0053
2016-06-08,3.0077
2016-06-07,3.0071
2016-06-06,3.0041
2016-06-03,3.0152
2016-06-02,3.0127
2016-06-01,2.9952
2016-05-31,2.9851
2016-05-30,2.9776
2016-05-27,2.9451
2016-05-26,2.9401
2016-05-25,2.9401
2016-05-24,2.935
2016-05-23,2.955
2016-05-20,2.95
2016-05-19,2.96
2016-05-18,2.955
2016-05-17,2.93
2016-05-16,2.9275
2016-05-13,2.905
2016-05-12,2.8975
2016-05-11,2.9075
2016-05-10,2.9
2016-05-09,2.8818
2016-05-06,2.9016
2016-05-05,2.9017
2016-05-04,2.8965
2016-05-03,2.889
2016-04-29,2.8913
2016-04-28,2.8863
2016-04-27,2.9108
2016-04-26,2.9212
2016-04-25,2.9362
2016-04-22,2.9309
2016-04-21,2.9208
2016-04-20,2.9258
2016-04-19,2.906
2016-04-18,2.9047
2016-04-15,2.9151
2016-04-14,2.9352
2016-04-13,2.9271
2016-04-12,2.91
2016-04-11,2.9091
2016-04-08,2.9158
2016-04-07,2.9049
2016-04-06,2.8689
2016-04-05,2.8637
2016-04-01,2.8422
2016-03-31,2.8419
2016-03-30,2.8362
2016-03-29,2.851
2016-03-28,2.8665
2016-03-25,2.8311
2016-03-24,2.8309
2016-03-23,2.8307
2016-03-22,2.8304
2016-03-21,2.8305
2016-03-18,2.8229
2016-03-17,2.8154
2016-03-16,2.8054
2016-03-15,2.8404
2016-03-14,2.8504
2016-03-11,2.8453
2016-03-10,2.8653
2016-03-09,2.8928
2016-03-08,2.9352
2016-03-07,2.9303
2016-03-04,2.8952
2016-03-03,2.9002
2016-03-02,2.8752
2016-03-01,2.8527
2016-02-29,2.8502
2016-02-26,2.8551
2016-02-25,2.8651
2016-02-24,2.8676
2016-02-23,2.8451
2016-02-22,2.8426
2016-02-19,2.8251
2016-02-18,2.8351
2016-02-17,2.8351
2016-02-16,2.8376
2016-02-15,2.8371
2016-02-14,2.8221
2016-02-06,2.8535
2016-02-05,2.8535
2016-02-04,2.855
2016-02-03,2.8918
2016-02-02,2.8818
2016-02-01,2.8368
2016-01-29,2.8419
2016-01-28,2.8866
2016-01-27,2.9016
2016-01-26,2.8616
2016-01-25,2.859
2016-01-22,2.7741
2016-01-21,2.7914
2016-01-20,2.8114
2016-01-19,2.7964
2016-01-18,2.7764
2016-01-15,2.7464
2016-01-14,2.7513
2016-01-13,2.7237
2016-01-12,2.7887
2016-01-11,2.8187
2016-01-08,2.8362
2016-01-07,2.8511
2016-01-06,2.8861
2016-01-05,2.8911
2016-01-04,2.871
2015-12-31,2.8212
2015-12-30,2.8261
2015-12-29,2.8061
2015-12-28,2.7961
2015-12-25,2.8061
2015-12-24,2.801
2015-12-23,2.846
2015-12-22,2.861
2015-12-21,2.8811
2015-12-18,2.9408
2015-12-17,2.9857
2015-12-16,3.0007
2015-12-15,3.0157
2015-12-14,3.0306
2015-12-11,2.9931
2015-12-10,3.0018
2015-12-09,2.9968
2015-12-08,3.0005
2015-12-07,3.028
2015-12-04,3.0254
2015-12-03,3.0304
2015-12-02,3.0454
2015-12-01,3.0504
2015-11-30,3.0404
2015-11-27,3.0603
2015-11-26,3.0503
2015-11-25,3.0853
2015-11-24,3.1077
2015-11-23,3.1302
2015-11-20,3.1251
2015-11-19,3.1402
2015-11-18,3.1402
2015-11-17,3.1252
2015-11-16,3.1352
2015-11-13,3.1251
2015-11-12,3.1351
2015-11-11,3.1226
2015-11-10,3.2001
2015-11-09,3.2099
2015-11-06,3.125
2015-11-05,3.115
2015-11-04,3.1351
2015-11-03,3.08
2015-11-02,3.0525
2015-10-30,3.06
2015-10-29,3.05
2015-10-28,2.987
2015-10-27,2.98
2015-10-26,3.02
2015-10-23,3.04
2015-10-22,3.0516
2015-10-21,3.0616
2015-10-20,3.0615
2015-10-19,3.1214
2015-10-16,3.1216
2015-10-15,3.0814
2015-10-14,3.0414
2015-10-13,3.1064
2015-10-12,3.1488
2015-10-10,3.1612
2015-10-09,3.1486
2015-10-08,3.2409
2015-09-30,3.2362
2015-09-29,3.2457
2015-09-28,3.2906
2015-09-25,3.3101
2015-09-24,3.318
2015-09-23,3.3354
2015-09-22,3.3255
2015-09-21,3.3204
2015-09-18,3.3105
2015-09-17,3.3204
2015-09-16,3.3103
2015-09-15,3.3104
2015-09-14,3.3303
2015-09-11,3.3404
2015-09-10,3.3453
2015-09-09,3.3478
2015-09-08,3.3603
2015-09-07,3.3353
2015-09-06,3.3203
2015-09-02,3.3002
2015-09-01,3.3002
2015-08-31,3.3252
2015-08-28,3.3803
2015-08-27,3.3902
2015-08-26,3.429
2015-08-25,3.4577
2015-08-24,3.4701
2015-08-21,3.4951
2015-08-20,3.5051
2015-08-19,3.5201
2015-08-18,3.5126
2015-08-17,3.5176
2015-08-14,3.5052
2015-08-13,3.5153
2015-08-12,3.5402
2015-08-11,3.5256
2015-08-10,3.4755
2015-08-07,3.4553
2015-08-06,3.46
2015-08-05,3.4701
2015-08-04,3.47
2015-08-03,3.47
2015-07-31,3.4752
2015-07-30,3.4402
2015-07-29,3.4302
2015-07-28,3.4401
2015-07-27,3.4602
2015-07-24,3.4602
2015-07-23,3.4751
2015-07-22,3.5145
2015-07-21,3.5214
2015-07-20,3.5009
2015-07-17,3.5123
2015-07-16,3.5208
2015-07-15,3.5495
2015-07-14,3.5341
2015-07-13,3.5014
2015-07-10,3.4885
2015-07-09,3.4358
2015-07-08,3.4307
2015-07-07,3.4361
2015-07-06,3.4917
2015-07-03,3.5719
2015-07-02,3.6223
2015-07-01,3.6127
2015-06-30,3.5976
2015-06-29,3.603
2015-06-26,3.608
2015-06-25,3.6028
2015-06-24,3.6079
2015-06-23,3.6054
2015-06-19,3.5825
2015-06-18,3.573
2015-06-17,3.6052
2015-06-16,3.6099
2015-06-15,3.6681
2015-06-12,3.6226
2015-06-11,3.6197
2015-06-10,3.5912
2015-06-09,3.5565
2015-06-08,3.5613
2015-06-05,3.5814
2015-06-04,3.5912
2015-06-03,3.6111
2015-06-02,3.588
2015-06-01,3.6404
2015-05-29,3.5954
2015-05-28,3.5652
2015-05-27,3.5055
2015-05-26,3.5214
2015-05-25,3.431
2015-05-22,3.416
2015-05-21,3.4257
2015-05-20,3.4282
2015-05-19,3.4311
2015-05-18,3.4109
2015-05-15,3.3907
2015-05-14,3.3803
2015-05-13,3.4002
2015-05-12,3.4002
2015-05-11,3.3752
2015-05-08,3.3703
2015-05-07,3.4401
2015-05-06,3.456
2015-05-05,3.4006
2015-05-04,3.3804
2015-04-30,3.3503
2015-04-29,3.4
2015-04-28,3.3804
2015-04-27,3.3952
2015-04-24,3.4454
2015-04-23,3.4151
2015-04-22,3.4052
2015-04-21,3.4055
2015-04-20,3.4554
2015-04-17,3.5627
2015-04-16,3.56
2015-04-15,3.5954
2015-04-14,3.6211
2015-04-13,3.6685
2015-04-10,3.6947
2015-04-09,3.704
2015-04-08,3.6938
2015-04-07,3.5987
2015-04-03,3.572
2015-04-02,3.5438
2015-04-01,3.5997
2015-03-31,3.6483
2015-03-30,3.5849
2015-03-27,3.5678
2015-03-26,3.544
2015-03-25,3.5037
2015-03-24,3.4841
2015-03-23,3.4933
2015-03-20,3.4958
2015-03-19,3.5348
2015-03-18,3.5519
2015-03-17,3.5428
2015-03-16,3.5301
2015-03-13,3.4879
2015-03-12,3.4412
2015-03-11,3.4466
2015-03-10,3.5228
2015-03-09,3.4922
2015-03-06,3.4753
2015-03-05,3.4369
2015-03-04,3.3869
2015-03-03,3.4022
2015-03-02,3.3883
2015-02-28,3.3602
2015-02-27,3.3745
2015-02-26,3.3594
2015-02-25,3.349
2015-02-17,3.3373
2015-02-16,3.3374
2015-02-15,3.3625
2015-02-13,3.3552
2015-02-12,3.3865
2015-02-11,3.3955
2015-02-10,3.4299
2015-02-09,3.4236
2015-02-06,3.4325
2015-02-05,3.4018
2015-02-04,3.4589
2015-02-03,3.4533
2015-02-02,3.4729
2015-01-30,3.5019
2015-01-29,3.4966
2015-01-28,3.4767
2015-01-27,3.4309
2015-01-26,3.4341
2015-01-23,3.452
2015-01-22,3.4521
2015-01-21,3.4672
2015-01-20,3.4711
2015-01-19,3.475
2015-01-16,3.5017
2015-01-15,3.5464
2015-01-14,3.5411
2015-01-13,3.5836
2015-01-12,3.6371
2015-01-09,3.6348
2015-01-08,3.6415
2015-01-07,3.6408
2015-01-06,3.6353
2015-01-05,3.6251
2015-01-04,3.6285
2014-12-31,3.6219
2014-12-30,3.6213
2014-12-29,3.6213
2014-12-26,3.6339
2014-12-25,3.6305
2014-12-24,3.5975
2014-12-23,3.6604
2014-12-22,3.703
2014-12-19,3.7106
2014-12-18,3.7614
2014-12-17,3.7377
2014-12-16,3.7522
2014-12-15,3.7815
2014-12-12,3.7513
2014-12-11,3.7282
2014-12-10,3.7111
2014-12-09,3.7532
2014-12-08,3.7918
2014-12-05,3.7759
2014-12-04,3.6633
2014-12-03,3.6238
2014-12-02,3.5553
2014-12-01,3.5145
2014-11-28,3.5249
2014-11-27,3.5243
2014-11-26,3.5228
2014-11-25,3.5216
2014-11-24,3.4767
2014-11-21,3.6514
2014-11-20,3.6521
2014-11-19,3.6154
2014-11-18,3.607
2014-11-17,3.6609
2014-11-14,3.6466
2014-11-13,3.5924
2014-11-12,3.556
2014-11-11,3.4981
2014-11-10,3.5132
2014-11-07,3.5631
2014-11-06,3.6223
2014-11-05,3.6117
2014-11-04,3.6412
2014-11-03,3.7007
2014-10-31,3.7559
2014-10-30,3.7688
2014-10-29,3.7176
2014-10-28,3.7424
2014-10-27,3.7756
2014-10-24,3.8013
2014-10-23,3.8108
2014-10-22,3.7929
2014-10-21,3.7323
2014-10-20,3.7441
2014-10-17,3.811
2014-10-16,3.8116
2014-10-15,3.8215
2014-10-14,3.9015
2014-10-13,3.9953
2014-10-11,3.9965
2014-10-10,4.0131
2014-10-09,4.0014
2014-10-08,3.993
2014-09-30,3.9824
2014-09-29,3.9925
2014-09-28,4.0227
2014-09-26,4.0092
2014-09-25,4.0025
2014-09-24,4.0425
2014-09-23,3.9911
2014-09-22,4.011
2014-09-19,4.031
2014-09-18,4.1438
2014-09-17,4.2008
2014-09-16,4.2634
2014-09-15,4.2597
2014-09-12,4.2793
2014-09-11,4.2937
2014-09-10,4.2934
2014-09-09,4.2868
2014-09-05,4.2928
2014-09-04,4.2814
2014-09-03,4.264
2014-09-02,4.249
2014-09-01,4.2405
2014-08-29,4.2361
2014-08-28,4.2254
2014-08-27,4.231
2014-08-26,4.2462
2014-08-25,4.2524
2014-08-22,4.256
2014-08-21,4.2512
2014-08-20,4.2523
2014-08-19,4.2422
2014-08-18,4.2153
2014-08-15,4.2002
2014-08-14,4.21
2014-08-13,4.255
2014-08-12,4.2815
2014-08-11,4.2815
2014-08-08,4.2712
2014-08-07,4.2563
2014-08-06,4.2463
2014-08-05,4.2576
2014-08-04,4.253
2014-08-01,4.2569
2014-07-31,4.2655
2014-07-30,4.2905
2014-07-29,4.2805
2014-07-28,4.2713
2014-07-25,4.2711
2014-07-24,4.2967
2014-07-23,4.2967
2014-07-22,4.2717
2014-07-21,4.3017
2014-07-18,4.3019
2014-07-17,4.267
2014-07-16,4.2171
2014-07-15,4.1571
2014-07-14,4.1298
2014-07-11,4.1198
2014-07-10,4.1298
2014-07-09,4.1276
2014-07-08,4.1162
2014-07-07,4.1212
2014-07-04,4.1747
2014-07-03,4.1503
2014-07-02,4.1212
2014-07-01,4.0812
2014-06-30,4.0612
2014-06-27,4.0485
2014-06-26,4.0472
2014-06-25,4.0557
2014-06-24,4.0515
2014-06-23,4.0515
2014-06-20,4.0515
2014-06-19,4.0408
2014-06-18,4.054
2014-06-17,4.054
2014-06-16,4.064
2014-06-13,4.084
2014-06-12,4.064
2014-06-11,4.0614
2014-06-10,4.0614
2014-06-09,4.0714
2014-06-06,4.0614
2014-06-05,4.0314
2014-06-04,4.0114
2014-06-03,4.0214
2014-05-30,4.0714
2014-05-29,4.1159
2014-05-28,4.1457
2014-05-27,4.1574
2014-05-26,4.1674
2014-05-23,4.1574
2014-05-22,4.177
2014-05-21,4.177
2014-05-20,4.177
2014-05-19,4.1708
2014-05-16,4.1919
2014-05-15,4.1915
2014-05-14,4.1704
2014-05-13,4.1505
2014-05-12,4.1205
2014-05-09,4.1205
2014-05-08,4.2303
2014-05-07,4.2803
2014-05-06,4.2803
2014-05-05,4.3002
2014-05-04,4.2902
2014-04-30,4.3002
2014-04-29,4.3202
2014-04-28,4.3301
2014-04-25,4.3294
2014-04-24,4.3394
2014-04-23,4.3297
2014-04-22,4.2997
2014-04-21,4.2997
2014-04-18,4.2997
2014-04-17,4.2749
2014-04-16,4.3601
2014-04-15,4.4001
2014-04-14,4.4248
2014-04-11,4.4521
2014-04-10,4.4571
2014-04-09,4.4771
2014-04-08,4.4499
2014-04-04,4.4904
2014-04-03,4.4904
2014-04-02,4.4904
2014-04-01,4.4954
2014-03-31,4.5004
2014-03-28,4.5104
2014-03-27,4.5109
2014-03-26,4.4992
2014-03-25,4.5192
2014-03-24,4.5148
2014-03-21,4.5044
2014-03-20,4.5195
2014-03-19,4.5095
2014-03-18,4.5095
2014-03-17,4.482
2014-03-14,4.4924
2014-03-13,4.5024
2014-03-12,4.5024
2014-03-11,4.5125
2014-03-10,4.5043
2014-03-07,4.5142
2014-03-06,4.5145
2014-03-05,4.5176
2014-03-04,4.5026
2014-03-03,4.4576
2014-02-28,4.4276
2014-02-27,4.3896
2014-02-26,4.4496
2014-02-25,4.4336
2014-02-24,4.4836
2014-02-21,4.5234
2014-02-20,4.5336
2014-02-19,4.5535
2014-02-18,4.5385
2014-02-17,4.5135
2014-02-14,4.4781
2014-02-13,4.4783
2014-02-12,4.4783
2014-02-11,4.4881
2014-02-10,4.4831
2014-02-08,4.468
2014-02-07,4.4781
2014-01-30,4.5019
2014-01-29,4.5102
2014-01-28,4.5027
2014-01-27,4.4802
2014-01-26,4.4777
2014-01-24,4.5123
2014-01-23,4.4825
2014-01-22,4.5023
2014-01-21,4.5423
2014-01-20,4.5923
2014-01-17,4.5969
2014-01-16,4.5871
2014-01-15,4.5523
2014-01-14,4.602
2014-01-13,4.597
2014-01-10,4.6016
2014-01-09,4.5969
2014-01-08,4.5919
2014-01-07,4.642
2014-01-06,4.6569
2014-01-03,4.6415
2014-01-02,4.6018
2013-12-31,4.552
2013-12-30,4.544
2013-12-27,4.544
2013-12-26,4.558
2013-12-25,4.5666
2013-12-24,4.5566
2013-12-23,4.6017
2013-12-20,4.6016
2013-12-19,4.6016
2013-12-18,4.5814
2013-12-17,4.5639
2013-12-16,4.554
2013-12-13,4.541
2013-12-12,4.591
2013-12-11,4.621
2013-12-10,4.6012
2013-12-09,4.5413
2013-12-06,4.5162
2013-12-05,4.4962
2013-12-04,4.4262
2013-12-03,4.4412
2013-12-02,4.4812
2013-11-29,4.3612
2013-11-28,4.4313
2013-11-27,4.5511
2013-11-26,4.6059
2013-11-25,4.6159
2013-11-22,4.6509
2013-11-21,4.7009
2013-11-20,4.7222
2013-11-19,4.6722
2013-11-18,4.6619
2013-11-15,4.6006
2013-11-14,4.5006
2013-11-13,4.4628
2013-11-12,4.4146
2013-11-11,4.4034
2013-11-08,4.3186
2013-11-07,4.2945
2013-11-06,4.2206
2013-11-05,4.2106
2013-11-04,4.1731
2013-11-01,4.1556
2013-10-31,4.1806
2013-10-30,4.2173
2013-10-29,4.2173
2013-10-28,4.204
2013-10-25,4.214
2013-10-24,4.194
2013-10-23,4.1491
2013-10-22,4.1305
2013-10-21,4.1105
2013-10-18,4.1055
2013-10-17,4.0966
2013-10-16,4.0966
2013-10-15,4.0791
2013-10-14,4.0663
2013-10-12,4.0263
2013-10-11,4.0265
2013-10-10,4.0166
2013-10-09,4.0316
2013-10-08,3.9903
2013-09-30,3.9954
2013-09-29,4.0002
2013-09-27,4.0002
2013-09-26,3.9901
2013-09-25,4.0202
2013-09-24,4.0201
2013-09-23,4.0095
2013-09-22,3.9851
2013-09-18,4.0502
2013-09-17,4.0721
2013-09-16,4.1201
2013-09-13,4.1406
2013-09-12,4.1291
2013-09-11,4.1341
2013-09-10,4.065
2013-09-09,4.055
2013-09-06,4.0455
2013-09-05,4.055
2013-09-04,4.055
2013-09-03,4.0404
2013-09-02,4.0356
2013-08-30,4.0354
2013-08-29,4.03
2013-08-28,4.0222
2013-08-27,3.9654
2013-08-26,3.9555
2013-08-23,3.9916
2013-08-22,4.0302
2013-08-21,4.0382
2013-08-20,4.0881
2013-08-19,4.0103
2013-08-16,3.9401
2013-08-15,3.9602
2013-08-14,3.9516
2013-08-13,3.9252
2013-08-12,3.8513
2013-08-09,3.8407
2013-08-08,3.8455
2013-08-07,3.7703
2013-08-06,3.7153
2013-08-05,3.7104
2013-08-02,3.7034
2013-08-01,3.7053
2013-07-31,3.7214
2013-07-30,3.7227
2013-07-29,3.7228
2013-07-26,3.7152
2013-07-25,3.7102
2013-07-24,3.7952
2013-07-23,3.7602
2013-07-22,3.7401
2013-07-19,3.7051
2013-07-18,3.6903
2013-07-17,3.669
2013-07-16,3.619
2013-07-15,3.6102
2013-07-12,3.6001
2013-07-11,3.5902
2013-07-10,3.5802
2013-07-09,3.5202
2013-07-08,3.5177
2013-07-05,3.5127
2013-07-04,3.5102
2013-07-03,3.5302
2013-07-02,3.5243
2013-07-01,3.5245
2013-06-28,3.5125
2013-06-27,3.5231
2013-06-26,3.55
2013-06-25,3.5999
2013-06-24,3.5999
2013-06-21,3.6014
2013-06-20,3.7016
2013-06-19,3.5516
2013-06-18,3.4818
2013-06-17,3.4785
2013-06-14,3.4689
2013-06-13,3.4591
2013-06-09,3.4491
2013-06-08,3.4822
2013-06-07,3.4822
2013-06-06,3.4651
2013-06-05,3.4615
2013-06-04,3.4603
2013-06-03,3.4478
2013-05-31,3.4399
2013-05-30,3.434
2013-05-29,3.434
2013-05-28,3.4206
2013-05-27,3.4166
2013-05-24,3.4181
2013-05-23,3.413
2013-05-22,3.4153
2013-05-21,3.4253
2013-05-20,3.4253
2013-05-17,3.4213
2013-05-16,3.4219
2013-05-15,3.4218
2013-05-14,3.4248
2013-05-13,3.4238
2013-05-10,3.4212
2013-05-09,3.4317
2013-05-08,3.4345
2013-05-07,3.4261
2013-05-06,3.4354
2013-05-03,3.4212
2013-05-02,3.4119
2013-04-28,3.4314
2013-04-27,3.4311
2013-04-26,3.4313
2013-04-25,3.4314
2013-04-24,3.4498
2013-04-23,3.4629
2013-04-22,3.4867
2013-04-19,3.4503
2013-04-18,3.4431
2013-04-17,3.4131
2013-04-16,3.4005
2013-04-15,3.4405
2013-04-12,3.4655
2013-04-11,3.4705
2013-04-10,3.4624
2013-04-09,3.4705
2013-04-08,3.4905
2013-04-07,3.4907
2013-04-03,3.5005
2013-04-02,3.5106
2013-04-01,3.5303
2013-03-29,3.5392
2013-03-28,3.5505
2013-03-27,3.5611
2013-03-26,3.5717
2013-03-25,3.577
2013-03-22,3.5816
2013-03-21,3.5819
2013-03-20,3.5722
2013-03-19,3.5922
2013-03-18,3.5971
2013-03-15,3.5919
2013-03-14,3.5919
2013-03-13,3.5898
2013-03-12,3.5897
2013-03-11,3.583
2013-03-08,3.5816
2013-03-07,3.5813
2013-03-06,3.5802
2013-03-05,3.576
2013-03-04,3.5785
2013-03-01,3.5878
2013-02-28,3.5957
2013-02-27,3.5904
2013-02-26,3.5948
2013-02-25,3.5821
2013-02-22,3.5708
2013-02-21,3.5623
2013-02-20,3.5632
2013-02-19,3.5931
2013-02-18,3.5929
2013-02-17,3.5847
2013-02-16,3.5922
2013-02-08,3.5859
2013-02-07,3.5928
2013-02-06,3.5922
2013-02-05,3.591
2013-02-04,3.6016
2013-02-01,3.6004
2013-01-31,3.6054
2013-01-30,3.6053
2013-01-29,3.6116
2013-01-28,3.6042
2013-01-25,3.5837
2013-01-24,3.5816
2013-01-23,3.5682
2013-01-22,3.5705
2013-01-21,3.5743
2013-01-18,3.5834
2013-01-17,3.5986
2013-01-16,3.6047
2013-01-15,3.6008
2013-01-14,3.6023
2013-01-11,3.5999
2013-01-10,3.595
2013-01-09,3.575
2013-01-08,3.5943
2013-01-07,3.5965
2013-01-06,3.595
2013-01-05,3.6003
2013-01-04,3.6062
2012-12-31,3.5738
2012-12-28,3.5752
2012-12-27,3.5803
2012-12-26,3.5925
2012-12-25,3.5955
2012-12-24,3.6009
2012-12-21,3.606
2012-12-20,3.6086
2012-12-19,3.5942
2012-12-18,3.5843
2012-12-17,3.5814
2012-12-14,3.5781
2012-12-13,3.5649
2012-12-12,3.5666
2012-12-11,3.5658
2012-12-10,3.5707
2012-12-07,3.5689
2012-12-06,3.558
2012-12-05,3.5622
2012-12-04,3.5498
2012-12-03,3.5397
2012-11-30,3.5332
2012-11-29,3.5311
2012-11-28,3.5535
2012-11-27,3.557
2012-11-26,3.5511
2012-11-23,3.5428
2012-11-22,3.5357
2012-11-21,3.5205
2012-11-20,3.5111
2012-11-19,3.501
2012-11-16,3.5133
2012-11-15,3.5279
2012-11-14,3.5356
2012-11-13,3.547
2012-11-12,3.5585
2012-11-09,3.5594
2012-11-08,3.5609
2012-11-07,3.5644
2012-11-06,3.5771
2012-11-05,3.5872
2012-11-02,3.5852
2012-11-01,3.5984
2012-10-31,3.5739
2012-10-30,3.5648
2012-10-29,3.5668
2012-10-26,3.5727
2012-10-25,3.5672
2012-10-24,3.5478
2012-10-23,3.5454
2012-10-22,3.5293
2012-10-19,3.535
2012-10-18,3.519
2012-10-17,3.5036
2012-10-16,3.4903
2012-10-15,3.473
2012-10-12,3.4807
2012-10-11,3.499
2012-10-10,3.5036
2012-10-09,3.4921
2012-10-08,3.4814
2012-09-29,3.4574
2012-09-28,3.4575
2012-09-27,3.4525
2012-09-26,3.4444
2012-09-25,3.4676
2012-09-24,3.4956
2012-09-21,3.4998
2012-09-20,3.5171
2012-09-19,3.5166
2012-09-18,3.5216
2012-09-17,3.5717
2012-09-14,3.5485
2012-09-13,3.4834
2012-09-12,3.4909
2012-09-11,3.4714
2012-09-10,3.4611
2012-09-07,3.4162
2012-09-06,3.3963
2012-09-05,3.3887
2012-09-04,3.3836
2012-09-03,3.4001
2012-08-31,3.3928
2012-08-30,3.3904
2012-08-29,3.3943
2012-08-28,3.3634
2012-08-27,3.3498
2012-08-24,3.3364
2012-08-23,3.3702
2012-08-22,3.3935
2012-08-21,3.3578
2012-08-20,3.3564
2012-08-17,3.3342
2012-08-16,3.3467
2012-08-15,3.3402
2012-08-14,3.3105
2012-08-13,3.3029
2012-08-10,3.2825
2012-08-09,3.3023
2012-08-08,3.3545
2012-08-07,3.33
2012-08-06,3.31
2012-08-03,3.2902
2012-08-02,3.2861
2012-08-01,3.2921
2012-07-31,3.2915
2012-07-30,3.2755
2012-07-27,3.2764
2012-07-26,3.2763
2012-07-25,3.276
2012-07-24,3.2759
2012-07-23,3.276
2012-07-20,3.281
2012-07-19,3.286
2012-07-18,3.2858
2012-07-17,3.285
2012-07-16,3.2752
2012-07-13,3.2591
2012-07-12,3.2502
2012-07-11,3.2398
2012-07-10,3.2549
2012-07-09,3.2709
2012-07-06,3.296
2012-07-05,3.3193
2012-07-04,3.3195
2012-07-03,3.3204
2012-07-02,3.3353
2012-06-29,3.3253
2012-06-28,3.3253
2012-06-27,3.3252
2012-06-26,3.3653
2012-06-25,3.3677
2012-06-21,3.4001
2012-06-20,3.4101
2012-06-19,3.4093
2012-06-18,3.4107
2012-06-15,3.3932
2012-06-14,3.4009
2012-06-13,3.3909
2012-06-12,3.3747
2012-06-11,3.3491
2012-06-08,3.3101
2012-06-07,3.3751
2012-06-06,3.36
2012-06-05,3.3568
2012-06-04,3.3469
2012-06-01,3.3416
2012-05-31,3.3443
2012-05-30,3.3766
2012-05-29,3.3718
2012-05-28,3.3418
2012-05-25,3.3019
2012-05-24,3.3619
2012-05-23,3.3825
2012-05-22,3.3948
2012-05-21,3.3866
2012-05-18,3.3614
2012-05-17,3.4116
2012-05-16,3.3618
2012-05-15,3.405
2012-05-14,3.4461
2012-05-11,3.4907
2012-05-10,3.5287
2012-05-09,3.5414
2012-05-08,3.552
2012-05-07,3.5518
2012-05-04,3.5512
2012-05-03,3.5454
2012-05-02,3.5449
2012-04-28,3.5391
2012-04-27,3.5389
2012-04-26,3.5357
2012-04-25,3.5369
2012-04-24,3.5302
2012-04-23,3.5407
2012-04-20,3.5414
2012-04-19,3.5518
2012-04-18,3.5366
2012-04-17,3.5291
2012-04-16,3.5318
2012-04-13,3.5277
2012-04-12,3.5407
2012-04-11,3.5308
2012-04-10,3.5366
2012-04-09,3.5352
2012-04-06,3.5203
2012-04-05,3.5191
2012-04-01,3.5204
2012-03-31,3.5004
2012-03-30,3.5054
2012-03-29,3.5143
2012-03-28,3.5223
2012-03-27,3.5403
2012-03-26,3.5247
2012-03-23,3.5267
2012-03-22,3.5502
2012-03-21,3.5608
2012-03-20,3.5601
2012-03-19,3.559
2012-03-16,3.5483
2012-03-15,3.5589
2012-03-14,3.5451
2012-03-13,3.5401
2012-03-12,3.5242
2012-03-09,3.5367
2012-03-08,3.5316
2012-03-07,3.5316
2012-03-06,3.5465
2012-03-05,3.5614
2012-03-02,3.5616
2012-03-01,3.55
2012-02-29,3.534
2012-02-28,3.5464
2012-02-27,3.5501
2012-02-24,3.5164
2012-02-23,3.5254
2012-02-22,3.5276
2012-02-21,3.5164
2012-02-20,3.5116
2012-02-17,3.5361
2012-02-16,3.5361
2012-02-15,3.5335
2012-02-14,3.516
2012-02-13,3.5148
2012-02-10,3.521
2012-02-09,3.5409
2012-02-08,3.5098
2012-02-07,3.481
2012-02-06,3.4785
2012-02-03,3.436
2012-02-02,3.441
2012-02-01,3.4318
2012-01-31,3.4064
2012-01-30,3.4005
2012-01-29,3.3812
2012-01-21,3.3811
2012-01-20,3.3808
2012-01-19,3.3758
2012-01-18,3.3957
2012-01-17,3.4045
2012-01-16,3.4233
2012-01-13,3.4108
2012-01-12,3.402
2012-01-11,3.4208
2012-01-10,3.403
2012-01-09,3.3806
2012-01-06,3.397
2012-01-05,3.4304
2012-01-04,3.4395
2011-12-31,3.4211
2011-12-30,3.4303
2011-12-29,3.4453
2011-12-28,3.4603
2011-12-27,3.4603
2011-12-26,3.4653
2011-12-23,3.4803
2011-12-22,3.4752
2011-12-21,3.4709
2011-12-20,3.4655
2011-12-19,3.4702
2011-12-16,3.4637
2011-12-15,3.489
2011-12-14,3.4807
2011-12-13,3.4982
2011-12-12,3.4927
2011-12-09,3.4817
2011-12-08,3.4953
2011-12-07,3.489
2011-12-06,3.479
2011-12-05,3.442
2011-12-02,3.472
2011-12-01,3.5005
2011-11-30,3.6091
2011-11-29,3.6315
2011-11-28,3.6402
2011-11-25,3.6115
2011-11-24,3.6103
2011-11-23,3.5914
2011-11-22,3.6412
2011-11-21,3.6598
2011-11-18,3.6412
2011-11-17,3.636
2011-11-16,3.626
2011-11-15,3.6563
2011-11-14,3.5807
2011-11-11,3.5916
2011-11-10,3.5563
2011-11-09,3.6436
2011-11-08,3.6988
2011-11-07,3.7333
2011-11-04,3.7158
2011-11-03,3.7233
2011-11-02,3.7208
2011-11-01,3.7395
2011-10-31,3.7607
2011-10-28,3.787
2011-10-27,3.8032
2011-10-26,3.7918
2011-10-25,3.796
2011-10-24,3.7533
2011-10-21,3.7385
2011-10-20,3.7266
2011-10-19,3.7311
2011-10-18,3.7407
2011-10-17,3.7906
2011-10-14,3.7707
2011-10-13,3.8205
2011-10-12,3.8005
2011-10-11,3.7593
2011-10-10,3.7706
2011-10-09,3.8056
2011-10-08,3.8605
2011-09-30,3.8605
2011-09-29,3.884
2011-09-28,3.9203
2011-09-27,3.9158
2011-09-26,3.8878
2011-09-23,3.9662
2011-09-22,4.0676
2011-09-21,4.0908
2011-09-20,4.0801
2011-09-19,4.0801
2011-09-16,4.0752
2011-09-15,4.0495
2011-09-14,4.021
2011-09-13,4.0208
2011-09-09,4.0452
2011-09-08,4.065
2011-09-07,4.05
2011-09-06,4.0107
2011-09-05,4.0501
2011-09-02,4.07
2011-09-01,4.0708
2011-08-31,4.105
2011-08-30,4.1303
2011-08-29,4.0994
2011-08-26,3.9886
2011-08-25,3.975
2011-08-24,3.9501
2011-08-23,3.9356
2011-08-22,3.9325
2011-08-19,3.9331
2011-08-18,3.956
2011-08-17,3.9432
2011-08-16,3.9492
2011-08-15,3.9231
2011-08-12,3.9268
2011-08-11,3.9291
2011-08-10,3.9639
2011-08-09,3.9554
2011-08-08,4.0007
2011-08-05,4.0423
2011-08-04,4.0911
2011-08-03,4.1201
2011-08-02,4.0615
2011-08-01,4.0502
2011-07-29,4.0477
2011-07-28,4.0627
2011-07-27,4.0855
2011-07-26,4.0753
2011-07-25,4.0663
2011-07-22,4.0671
2011-07-21,4.0889
2011-07-20,4.0715
2011-07-19,4.0088
2011-07-18,3.9558
2011-07-15,3.9278
2011-07-14,3.9204
2011-07-13,3.8913
2011-07-12,3.8899
2011-07-11,3.8923
2011-07-08,3.8881
2011-07-07,3.9021
2011-07-06,3.9116
2011-07-05,3.8909
2011-07-04,3.8842
2011-07-01,3.8775
2011-06-30,3.8857
2011-06-29,3.8833
2011-06-28,3.88
2011-06-27,3.8703
2011-06-24,3.8963
2011-06-23,3.9691
2011-06-22,3.9555
2011-06-21,3.9003
2011-06-20,3.9413
2011-06-17,3.9803
2011-06-16,3.9839
2011-06-15,3.9986
2011-06-14,3.9406
2011-06-13,3.9036
2011-06-10,3.894
2011-06-09,3.8726
2011-06-08,3.8572
2011-06-07,3.8341
2011-06-03,3.8337
2011-06-02,3.8337
2011-06-01,3.8311
2011-05-31,3.8311
2011-05-30,3.8256
2011-05-27,3.8217
2011-05-26,3.8352
2011-05-25,3.8382
2011-05-24,3.8414
2011-05-23,3.84
2011-05-20,3.8429
2011-05-19,3.8309
2011-05-18,3.8338
2011-05-17,3.8318
2011-05-16,3.8432
2011-05-13,3.8363
2011-05-12,3.8211
2011-05-11,3.8334
2011-05-10,3.8326
2011-05-09,3.8378
2011-05-06,3.8308
2011-05-05,3.8715
2011-05-04,3.8772
2011-05-03,3.8752
2011-04-29,3.8713
2011-04-28,3.87
2011-04-27,3.8812
2011-04-26,3.896
2011-04-25,3.8961
2011-04-22,3.8966
2011-04-21,3.8912
2011-04-20,3.8913
2011-04-19,3.8911
2011-04-18,3.896
2011-04-15,3.8709
2011-04-14,3.8707
2011-04-13,3.8703
2011-04-12,3.87
2011-04-11,3.8928
2011-04-08,3.9081
2011-04-07,3.9167
2011-04-06,3.9203
2011-04-02,3.9078
2011-04-01,3.9126
2011-03-31,3.912
2011-03-30,3.9069
2011-03-29,3.9044
2011-03-28,3.8807
2011-03-25,3.8714
2011-03-24,3.8762
2011-03-23,3.9037
2011-03-22,3.8987
2011-03-21,3.8774
2011-03-18,3.8489
2011-03-17,3.8326
2011-03-16,3.86
2011-03-15,3.8659
2011-03-14,3.9074
2011-03-11,3.9328
2011-03-10,3.9321
2011-03-09,3.8879
2011-03-08,3.9078
2011-03-07,3.9351
2011-03-04,3.9388
2011-03-03,3.9279
2011-03-02,3.9233
2011-03-01,3.9259
2011-02-28,3.9314
2011-02-25,3.9566
2011-02-24,3.9132
2011-02-23,3.9946
2011-02-22,4.04
2011-02-21,4.0702
2011-02-18,4.045
2011-02-17,4.0449
2011-02-16,4.045
2011-02-15,4.0454
2011-02-14,4.0552
2011-02-12,4.1087
2011-02-11,4.1062
2011-02-10,4.1158
2011-02-09,4.1006
2011-02-01,4.0186
2011-01-31,4.0187
2011-01-30,4.01
2011-01-28,4.0096
2011-01-27,4.0058
2011-01-26,3.9991
2011-01-25,4.0152
2011-01-24,3.9918
2011-01-21,3.9837
2011-01-20,3.9749
2011-01-19,3.9752
2011-01-18,3.9954
2011-01-17,3.9651
2011-01-14,3.9156
2011-01-13,3.8831
2011-01-12,3.855
2011-01-11,3.8703
2011-01-10,3.8449
2011-01-07,3.8237
2011-01-06,3.8339
2011-01-05,3.8132
2011-01-04,3.8606
2010-12-31,3.8799
2010-12-30,3.88
2010-12-29,3.9019
2010-12-28,3.9118
2010-12-27,3.8913
2010-12-24,3.8136
2010-12-23,3.8108
2010-12-22,3.8004
2010-12-21,3.7956
2010-12-20,3.785
2010-12-17,3.8058
2010-12-16,3.8044
2010-12-15,3.815
2010-12-14,3.8521
2010-12-13,3.8509
2010-12-10,3.8888
2010-12-09,3.9023
2010-12-08,3.8609
2010-12-07,3.8435
2010-12-06,3.8696
2010-12-03,3.8699
2010-12-02,3.8609
2010-12-01,3.8919
2010-11-30,3.971
2010-11-29,3.9959
2010-11-26,4.0123
2010-11-25,3.9674
2010-11-24,3.9533
2010-11-23,3.9317
2010-11-22,3.9161
2010-11-19,3.87
2010-11-18,3.8336
2010-11-17,3.86
2010-11-16,3.9065
2010-11-15,3.945
2010-11-12,3.9534
2010-11-11,3.953
2010-11-10,3.9204
2010-11-09,3.8445
2010-11-08,3.8392
2010-11-05,3.8458
2010-11-04,3.8434
2010-11-03,3.8113
2010-11-02,3.7497
2010-11-01,3.6941
2010-10-29,3.6821
2010-10-28,3.6863
2010-10-27,3.6975
2010-10-26,3.6944
2010-10-25,3.6407
2010-10-22,3.6358
2010-10-21,3.637
2010-10-20,3.6201
2010-10-19,3.4205
2010-10-18,3.4182
2010-10-15,3.4247
2010-10-14,3.4275
2010-10-13,3.4271
2010-10-12,3.4179
2010-10-11,3.404
2010-10-09,3.3584
2010-10-08,3.3342
2010-09-30,3.3183
2010-09-29,3.331
2010-09-28,3.3371
2010-09-27,3.3378
2010-09-26,3.3428
2010-09-25,3.3387
2010-09-21,3.3391
2010-09-20,3.3388
2010-09-19,3.35
2010-09-17,3.3504
2010-09-16,3.3401
2010-09-15,3.3443
2010-09-14,3.3205
2010-09-13,3.3251
2010-09-10,3.2989
2010-09-09,3.2681
2010-09-08,3.2632
2010-09-07,3.2739
2010-09-06,3.258
2010-09-03,3.2406
2010-09-02,3.2418
2010-09-01,3.2358
2010-08-31,3.2301
2010-08-30,3.2304
2010-08-27,3.2379
2010-08-26,3.2322
2010-08-25,3.2154
2010-08-24,3.2229
2010-08-23,3.2346
2010-08-20,3.2389
2010-08-19,3.2501
2010-08-18,3.245
2010-08-17,3.2461
2010-08-16,3.2504
2010-08-13,3.2374
2010-08-12,3.223
2010-08-11,3.2685
2010-08-10,3.2972
2010-08-09,3.2975
2010-08-06,3.2922
2010-08-05,3.2967
2010-08-04,3.2971
2010-08-03,3.3105
2010-08-02,3.3131
2010-07-30,3.2996
2010-07-29,3.2993
2010-07-28,3.2982
2010-07-27,3.2816
2010-07-26,3.2813
2010-07-23,3.2528
2010-07-22,3.2161
2010-07-21,3.2144
2010-07-20,3.2086
2010-07-19,3.1901
2010-07-16,3.1976
2010-07-15,3.1817
2010-07-14,3.1744
2010-07-13,3.1767
2010-07-12,3.2146
2010-07-09,3.2347
2010-07-08,3.2382
2010-07-07,3.2233
2010-07-06,3.2168
2010-07-05,3.2517
2010-07-02,3.2665
2010-07-01,3.2848
2010-06-30,3.279
2010-06-29,3.2909
2010-06-28,3.3435
2010-06-25,3.3822
2010-06-24,3.4179
2010-06-23,3.4129
2010-06-22,3.3807
2010-06-21,3.3925
2010-06-18,3.3836
2010-06-17,3.3296
2010-06-13,3.3282
2010-06-12,3.3282
2010-06-11,3.332
2010-06-10,3.2891
2010-06-09,3.2845
2010-06-08,3.2432
2010-06-07,3.226
2010-06-04,3.2512
2010-06-03,3.2478
2010-06-02,3.2748
2010-06-01,3.2726
2010-05-31,3.243
2010-05-28,3.2529
2010-05-27,3.2416
2010-05-26,3.2272
2010-05-25,3.203
2010-05-24,3.2277
2010-05-21,3.1972
2010-05-20,3.2078
2010-05-19,3.1865
2010-05-18,3.2118
2010-05-17,3.2257
2010-05-14,3.2687
2010-05-13,3.2686
2010-05-12,3.2781
2010-05-11,3.2983
2010-05-10,3.3027
2010-05-07,3.2721
2010-05-06,3.3485
2010-05-05,3.3636
2010-05-04,3.3826
2010-04-30,3.3565
2010-04-29,3.3607
2010-04-28,3.3456
2010-04-27,3.3768
2010-04-26,3.3715
2010-04-23,3.4106
2010-04-22,3.4093
2010-04-21,3.4354
2010-04-20,3.4086
2010-04-19,3.4116
2010-04-16,3.4813
2010-04-15,3.5071
2010-04-14,3.5043
2010-04-13,3.5031
2010-04-12,3.5343
2010-04-09,3.5468
2010-04-08,3.5549
2010-04-07,3.5182
2010-04-06,3.5021
2010-04-02,3.48
2010-04-01,3.4742
2010-03-31,3.4818
2010-03-30,3.4959
2010-03-29,3.4784
2010-03-26,3.4582
2010-03-25,3.4168
2010-03-24,3.3961
2010-03-23,3.4062
2010-03-22,3.4216
2010-03-19,3.3805
2010-03-18,3.3639
2010-03-17,3.3829
2010-03-16,3.4331
2010-03-15,3.4484
2010-03-12,3.4526
2010-03-11,3.4559
2010-03-10,3.403
2010-03-09,3.3817
2010-03-08,3.3602
2010-03-05,3.3537
2010-03-04,3.3518
2010-03-03,3.3169
2010-03-02,3.3414
2010-03-01,3.3613
2010-02-26,3.3753
2010-02-25,3.4448
2010-02-24,3.4646
2010-02-23,3.51
2010-02-22,3.5149
2010-02-21,3.4841
2010-02-20,3.4889
2010-02-12,3.457
2010-02-11,3.4516
2010-02-10,3.4615
2010-02-09,3.4743
2010-02-08,3.4706
2010-02-05,3.4733
2010-02-04,3.5006
2010-02-03,3.4648
2010-02-02,3.4956
2010-02-01,3.5406
2010-01-29,3.58
2010-01-28,3.5879
2010-01-27,3.5648
2010-01-26,3.5838
2010-01-25,3.6
2010-01-22,3.63
2010-01-21,3.6558
2010-01-20,3.64
2010-01-19,3.6559
2010-01-18,3.6852
2010-01-15,3.6871
2010-01-14,3.6868
2010-01-13,3.7053
2010-01-12,3.6694
2010-01-11,3.6696
2010-01-08,3.6614
2010-01-07,3.6543
2010-01-06,3.6425
2010-01-05,3.6606
2010-01-04,3.6603
2009-12-31,3.6422
2009-12-30,3.6429
2009-12-29,3.6426
2009-12-28,3.65
2009-12-25,3.6543
2009-12-24,3.6565
2009-12-23,3.6589
2009-12-22,3.6507
2009-12-21,3.6508
2009-12-18,3.6393
2009-12-17,3.6365
2009-12-16,3.6339
2009-12-15,3.6314
2009-12-14,3.6348
2009-12-11,3.6257
2009-12-10,3.6258
2009-12-09,3.6251
2009-12-08,3.6292
2009-12-07,3.62
2009-12-04,3.5983
2009-12-03,3.5929
2009-12-02,3.5725
2009-12-01,3.5723
2009-11-30,3.5569
2009-11-27,3.5759
2009-11-26,3.6459
2009-11-25,3.651
2009-11-24,3.6504
2009-11-23,3.6703
2009-11-20,3.6648
2009-11-19,3.6866
2009-11-18,3.6885
2009-11-17,3.6956
2009-11-16,3.6927
2009-11-13,3.6921
2009-11-12,3.6918
2009-11-11,3.6988
2009-11-10,3.7281
2009-11-09,3.7313
2009-11-06,3.7303
2009-11-05,3.7247
2009-11-04,3.7038
2009-11-03,3.6944
2009-11-02,3.692
2009-10-30,3.6886
2009-10-29,3.6818
2009-10-28,3.6855
2009-10-27,3.6905
2009-10-26,3.6925
2009-10-23,3.692
2009-10-22,3.6587
2009-10-21,3.6933
2009-10-20,3.6773
2009-10-19,3.6789
2009-10-16,3.7058
2009-10-15,3.7
2009-10-14,3.6787
2009-10-13,3.6305
2009-10-12,3.6043
2009-10-10,3.5541
2009-10-09,3.5542
2009-09-30,3.5132
2009-09-29,3.5
2009-09-28,3.4917
2009-09-27,3.5103
2009-09-25,3.5101
2009-09-24,3.5096
2009-09-23,3.5126
2009-09-22,3.5212
2009-09-21,3.5132
2009-09-18,3.4741
2009-09-17,3.4636
2009-09-16,3.4535
2009-09-15,3.4581
2009-09-14,3.4631
2009-09-11,3.4652
2009-09-10,3.451
2009-09-09,3.4323
2009-09-08,3.4268
2009-09-07,3.4317
2009-09-04,3.4698
2009-09-03,3.4862
2009-09-02,3.4982
2009-09-01,3.481
2009-08-31,3.4805
2009-08-28,3.48
2009-08-27,3.4847
2009-08-26,3.485
2009-08-25,3.4966
2009-08-24,3.4886
2009-08-21,3.5276
2009-08-20,3.5162
2009-08-19,3.5255
2009-08-18,3.5242
2009-08-17,3.5231
2009-08-14,3.518
2009-08-13,3.5187
2009-08-12,3.5209
2009-08-11,3.518
2009-08-10,3.5177
2009-08-07,3.5168
2009-08-06,3.5167
2009-08-05,3.5165
2009-08-04,3.515
2009-08-03,3.5034
2009-07-31,3.503
2009-07-30,3.4905
2009-07-29,3.502
2009-07-28,3.4866
2009-07-27,3.5091
2009-07-24,3.4588
2009-07-23,3.4511
2009-07-22,3.4522
2009-07-21,3.4697
2009-07-20,3.478
2009-07-17,3.451
2009-07-16,3.4421
2009-07-15,3.3816
2009-07-14,3.3322
2009-07-13,3.306
2009-07-10,3.3056
2009-07-09,3.3068
2009-07-08,3.2709
2009-07-07,3.2706
2009-07-06,3.2702
2009-07-03,3.2534
2009-07-02,3.2277
2009-07-01,3.23
2009-06-30,3.2403
2009-06-29,3.2456
2009-06-26,3.2628
2009-06-25,3.2525
2009-06-24,3.2397
2009-06-23,3.2325
2009-06-22,3.1876
2009-06-19,3.1543
2009-06-18,3.1536
2009-06-17,3.1332
2009-06-16,3.1476
2009-06-15,3.1947
2009-06-12,3.1868
2009-06-11,3.17
2009-06-10,3.166
2009-06-09,3.1481
2009-06-08,3.1543
2009-06-05,3.1474
2009-06-04,3.1349
2009-06-03,3.065
2009-06-02,3.0515
2009-06-01,3.0615
2009-05-31,3.0409
2009-05-27,3.039
2009-05-26,3.0546
2009-05-25,3.0441
2009-05-22,3.0434
2009-05-21,3.0388
2009-05-20,3.0386
2009-05-19,3.0384
2009-05-18,3.0277
2009-05-15,3.0321
2009-05-14,3.0318
2009-05-13,3.0365
2009-05-12,3.0662
2009-05-11,3.0698
2009-05-08,3.0701
2009-05-07,3.0739
2009-05-06,3.0795
2009-05-05,3.1036
2009-05-04,3.1092
2009-04-30,3.1072
2009-04-29,3.1286
2009-04-28,3.1532
2009-04-27,3.1579
2009-04-24,3.1571
2009-04-23,3.1618
2009-04-22,3.1609
2009-04-21,3.1616
2009-04-20,3.1412
2009-04-17,3.1634
2009-04-16,3.1841
2009-04-15,3.2114
2009-04-14,3.2044
2009-04-13,3.1953
2009-04-10,3.1954
2009-04-09,3.1949
2009-04-08,3.1869
2009-04-07,3.1805
2009-04-03,3.1805
2009-04-02,3.1714
2009-04-01,3.1618
2009-03-31,3.1612
2009-03-30,3.1608
2009-03-27,3.1594
2009-03-26,3.1606
2009-03-25,3.1297
2009-03-24,3.1295
2009-03-23,3.0831
2009-03-20,3.0772
2009-03-19,3.0768
2009-03-18,3.1
2009-03-17,3.1249
2009-03-16,3.1534
2009-03-13,3.148
2009-03-12,3.1524
2009-03-11,3.1331
2009-03-10,3.178
2009-03-09,3.2036
2009-03-06,3.2291
2009-03-05,3.231
2009-03-04,3.2075
2009-03-03,3.1755
2009-03-02,3.1582
2009-02-27,3.1508
2009-02-26,3.1447
2009-02-25,3.1412
2009-02-24,3.1508
2009-02-23,3.1555
2009-02-20,3.1583
2009-02-19,3.1385
2009-02-18,3.1703
2009-02-17,3.1897
2009-02-16,3.1547
2009-02-13,3.1321
2009-02-12,3.1271
2009-02-11,3.2323
2009-02-10,3.3001
2009-02-09,3.269
2009-02-06,3.2967
2009-02-05,3.4013
2009-02-04,3.2946
2009-02-03,3.1766
2009-02-02,3.1433
2009-02-01,3.0502
2009-01-24,3.0368
2009-01-23,3.0367
2009-01-22,3.0619
2009-01-21,3.1398
2009-01-20,3.0995
2009-01-19,3.0123
2009-01-16,2.994
2009-01-15,2.9897
2009-01-14,2.8818
2009-01-13,2.8257
2009-01-12,2.7
2009-01-09,2.6722
2009-01-08,2.6716
2009-01-07,2.6711
2009-01-06,2.6909
2009-01-05,2.73
2009-01-04,2.7102
2008-12-31,2.7521
2008-12-30,2.7566
2008-12-29,2.7559
2008-12-26,2.7301
2008-12-25,2.7047
2008-12-24,2.7045
2008-12-23,2.6887
2008-12-22,2.739
2008-12-19,2.7384
2008-12-18,2.7043
2008-12-17,2.81
2008-12-16,2.9243
2008-12-15,2.9186
2008-12-12,2.9237
2008-12-11,3.004
2008-12-10,3.013
2008-12-09,3.0072
2008-12-08,2.9053
2008-12-05,2.9061
2008-12-04,2.9343
2008-12-03,2.9467
2008-12-02,3.0306
2008-12-01,3.0378
2008-11-28,2.9905
2008-11-27,2.9064
2008-11-26,3.1034
2008-11-25,3.1728
2008-11-24,3.0638
2008-11-21,3.0049
2008-11-20,3.0531
2008-11-19,3.0885
2008-11-18,2.9974
2008-11-17,2.9984
2008-11-14,2.9482
2008-11-13,2.8639
2008-11-12,2.8969
2008-11-11,2.9221
2008-11-10,2.9005
2008-11-07,2.9767
2008-11-06,3.0424
2008-11-05,3.0676
2008-11-04,3.0569
2008-11-03,3.0549
2008-10-31,3.0751
2008-10-30,3.0703
2008-10-29,3.0694
2008-10-28,3.1042
2008-10-27,3.1522
2008-10-24,3.1931
2008-10-23,3.1978
2008-10-22,3.1922
2008-10-21,3.1826
2008-10-20,3.182
2008-10-17,3.1768
2008-10-16,3.1267
2008-10-15,3.1062
2008-10-14,3.1593
2008-10-13,3.126
2008-10-10,3.051
2008-10-09,3.15
2008-10-08,3.3499
2008-10-07,3.5309
2008-10-06,3.6809
2008-09-28,3.7155
2008-09-27,3.7143
2008-09-26,3.7282
2008-09-25,3.7276
2008-09-24,3.7601
2008-09-23,3.7612
2008-09-22,3.7594
2008-09-19,3.69
2008-09-18,3.712
2008-09-17,3.7119
2008-09-16,3.8
2008-09-12,3.9712
2008-09-11,4.0631
2008-09-10,4.1015
2008-09-09,4.1429
2008-09-08,4.1705
2008-09-05,4.1703
2008-09-04,4.1643
2008-09-03,4.1411
2008-09-02,4.1714
2008-09-01,4.1363
2008-08-29,4.2234
2008-08-28,4.2753
2008-08-27,4.3096
2008-08-26,4.3292
2008-08-25,4.3431
2008-08-22,4.3554
2008-08-21,4.3689
2008-08-20,4.3944
2008-08-19,4.4042
2008-08-18,4.4141
2008-08-15,4.4133
2008-08-14,4.4736
2008-08-13,4.5038
2008-08-12,4.5139
2008-08-11,4.5596
2008-08-08,4.4988
2008-08-07,4.5238
2008-08-06,4.4411
2008-08-05,4.4565
2008-08-04,4.4612
2008-08-01,4.4601
2008-07-31,4.4401
2008-07-30,4.4351
2008-07-29,4.44
2008-07-28,4.4374
2008-07-25,4.4342
2008-07-24,4.4137
2008-07-23,4.4136
2008-07-22,4.4135
2008-07-21,4.419
2008-07-18,4.4236
2008-07-17,4.434
2008-07-16,4.4338
2008-07-15,4.4332
2008-07-14,4.4328
2008-07-11,4.4562
2008-07-10,4.4725
2008-07-09,4.5059
2008-07-08,4.5331
2008-07-07,4.5529
2008-07-04,4.5313
2008-07-03,4.5311
2008-07-02,4.536
2008-07-01,4.5309
2008-06-30,4.5285
2008-06-27,4.558
2008-06-26,4.5182
2008-06-25,4.4582
2008-06-24,4.4626
2008-06-23,4.4716
2008-06-20,4.4213
2008-06-19,4.3358
2008-06-18,4.3356
2008-06-17,4.3354
2008-06-16,4.3179
2008-06-13,4.3128
2008-06-12,4.3009
2008-06-11,4.3193
2008-06-10,4.2069
2008-06-06,4.1617
2008-06-05,4.1591
2008-06-04,4.1589
2008-06-03,4.1588
2008-06-02,4.1626
2008-05-30,4.1589
2008-05-29,4.1636
2008-05-28,4.1676
2008-05-27,4.1618
2008-05-26,4.1636
2008-05-23,4.1632
2008-05-22,4.1631
2008-05-21,4.1677
2008-05-20,4.1676
2008-05-19,4.1669
2008-05-16,4.1493
2008-05-15,4.1691
2008-05-14,4.1653
2008-05-13,4.1486
2008-05-12,4.1517
2008-05-09,4.121
2008-05-08,4.1253
2008-05-07,4.135
2008-05-06,4.0632
2008-05-05,4.0631
2008-05-04,4.0704
2008-04-30,4.0725
2008-04-29,4.0736
2008-04-28,4.0707
2008-04-25,4.0654
2008-04-24,4.0601
2008-04-23,4.0244
2008-04-22,4.009
2008-04-21,4.0087
2008-04-18,4.0085
2008-04-17,4.0185
2008-04-16,4.0184
2008-04-15,4.0244
2008-04-14,4.0436
2008-04-11,4.0457
2008-04-10,4.0405
2008-04-09,4.0451
2008-04-08,4.0451
2008-04-07,4.045
2008-04-03,4.0444
2008-04-02,4.0517
2008-04-01,4.0563
2008-03-31,4.046
2008-03-28,4.0116
2008-03-27,4.0009
2008-03-26,4.0404
2008-03-25,4.0511
2008-03-24,4.077
2008-03-21,4.08
2008-03-20,4.08
2008-03-19,4.075
2008-03-18,4.1151
2008-03-17,4.1248
2008-03-14,4.15
2008-03-13,4.17
2008-03-12,4.1954
2008-03-11,4.1953
2008-03-10,4.1768
2008-03-07,4.176
2008-03-06,4.1768
2008-03-05,4.1635
2008-03-04,4.1521
2008-03-03,4.1285
2008-02-29,4.1283
2008-02-28,4.1283
2008-02-27,4.1436
2008-02-26,4.1413
2008-02-25,4.1439
2008-02-22,4.16
2008-02-21,4.1818
2008-02-20,4.1744
2008-02-19,4.2176
2008-02-18,4.1924
2008-02-15,4.1791
2008-02-14,4.1561
2008-02-13,4.1559
2008-02-05,4.1458
2008-02-04,4.1311
2008-02-03,4.1309
2008-02-02,4.1307
2008-02-01,4.1308
2008-01-31,4.1937
2008-01-30,4.2502
2008-01-29,4.2539
2008-01-28,4.2226
2008-01-25,4.244
2008-01-24,4.2433
2008-01-23,4.2883
2008-01-22,4.3679
2008-01-21,4.3777
2008-01-18,4.403
2008-01-17,4.3978
2008-01-16,4.4028
2008-01-15,4.4022
2008-01-14,4.402
2008-01-11,4.3893
2008-01-10,4.4067
2008-01-09,4.4022
2008-01-08,4.4024
2008-01-07,4.3948
2008-01-04,4.4013
2008-01-03,4.4263
2008-01-02,4.4363
2007-12-29,4.4253
2007-12-28,4.4357
2007-12-27,4.4005
2007-12-26,4.4541
2007-12-25,4.4528
2007-12-24,4.4517
2007-12-21,4.4526
2007-12-20,4.4282
2007-12-19,4.428
2007-12-18,4.4279
2007-12-17,4.4282
2007-12-14,4.4251
2007-12-13,4.5067
2007-12-12,4.5118
2007-12-11,4.5116
2007-12-10,4.4996
2007-12-07,4.5043
2007-12-06,4.5038
2007-12-05,4.5096
2007-12-04,4.5085
2007-12-03,4.5085
2007-11-30,4.5086
2007-11-29,4.5084
2007-11-28,4.5089
2007-11-27,4.5247
2007-11-26,4.535
2007-11-23,4.54
2007-11-22,4.55
2007-11-21,4.545
2007-11-20,4.5569
2007-11-19,4.5822
2007-11-16,4.5974
2007-11-15,4.5973
2007-11-14,4.5922
2007-11-13,4.5861
2007-11-12,4.5863
2007-11-09,4.5743
2007-11-08,4.5441
2007-11-07,4.5441
2007-11-06,4.5248
2007-11-05,4.5263
2007-11-02,4.5
2007-11-01,4.5
2007-10-31,4.4937
2007-10-30,4.484
2007-10-29,4.48
2007-10-26,4.485
2007-10-25,4.485
2007-10-24,4.485
2007-10-23,4.485
2007-10-22,4.48
2007-10-19,4.47
2007-10-18,4.46
2007-10-17,4.45
2007-10-16,4.3743
2007-10-15,4.3746
2007-10-12,4.3723
2007-10-11,4.3732
2007-10-10,4.3737
2007-10-09,4.37
2007-10-08,4.3664
2007-09-30,4.3877
2007-09-29,4.396
2007-09-28,4.39
2007-09-27,4.42
2007-09-26,4.445
2007-09-25,4.4859
2007-09-24,4.493
2007-09-21,4.495
2007-09-20,4.5477
2007-09-19,4.5474
2007-09-18,4.5436
2007-09-17,4.5421
2007-09-14,4.4893
2007-09-13,4.3892
2007-09-12,4.3788
2007-09-11,4.3615
2007-09-10,4.2946
2007-09-07,4.2872
2007-09-06,4.2677
2007-09-05,4.244
2007-09-04,4.2328
2007-09-03,4.235
2007-08-31,4.2743
2007-08-30,4.2739
2007-08-29,4.2766
2007-08-28,4.2049
2007-08-27,4.136
2007-08-24,4.2164
2007-08-23,4.2064
2007-08-22,4.227
2007-08-21,4.2445
2007-08-20,4.2636
2007-08-17,4.3038
2007-08-16,4.3529
2007-08-15,4.3541
2007-08-14,4.3568
2007-08-13,4.357
2007-08-10,4.3378
2007-08-09,4.3178
2007-08-08,4.3166
2007-08-07,4.3775
2007-08-06,4.3861
2007-08-03,4.2855
2007-08-02,4.2594
2007-08-01,4.2857
2007-07-31,4.3401
2007-07-30,4.2848
2007-07-27,4.3399
2007-07-26,4.3086
2007-07-25,4.33
2007-07-24,4.4651
2007-07-23,4.477
2007-07-20,4.4551
2007-07-19,4.455
2007-07-18,4.4547
2007-07-17,4.4542
2007-07-16,4.454
2007-07-13,4.4634
2007-07-12,4.4777
2007-07-11,4.4773
2007-07-10,4.4896
2007-07-09,4.4172
2007-07-06,4.4261
2007-07-05,4.475
2007-07-04,4.4745
2007-07-03,4.4726
2007-07-02,4.45
2007-06-29,4.45
2007-06-28,4.4538
2007-06-27,4.3985
2007-06-26,4.4
2007-06-25,4.42
2007-06-22,4.44
2007-06-21,4.47
2007-06-20,4.4408
2007-06-19,4.3969
2007-06-18,4.3496
2007-06-15,4.3483
2007-06-14,4.2669
2007-06-13,4.232
2007-06-12,4.2199
2007-06-11,4.1376
2007-06-08,4.1624
2007-06-07,4.1427
2007-06-06,4.1442
2007-06-05,4.1309
2007-06-04,4.1393
2007-06-01,4.08
2007-05-31,4.06
2007-05-30,4.07
2007-05-29,4.08
2007-05-28,4.07
2007-05-25,4.05
2007-05-24,4.03
2007-05-23,4.064
2007-05-22,4.05
2007-05-21,3.966
2007-05-18,3.83
2007-05-17,3.83
2007-05-16,3.83
2007-05-15,3.7992
2007-05-14,3.7
2007-05-11,3.68
2007-05-10,3.63
2007-05-09,3.5906
2007-05-08,3.5933
2007-04-30,3.5916
2007-04-29,3.58
2007-04-28,3.5883
2007-04-27,3.5914
2007-04-26,3.5931
2007-04-25,3.6349
2007-04-24,3.6139
2007-04-23,3.59
2007-04-20,3.58
2007-04-19,3.57
2007-04-18,3.56
2007-04-17,3.5391
2007-04-16,3.5327
2007-04-13,3.5202
2007-04-12,3.4936
2007-04-11,3.493
2007-04-10,3.4829
2007-04-09,3.488
2007-04-06,3.4615
2007-04-05,3.4441
2007-04-04,3.44
2007-04-03,3.4277
2007-04-02,3.43
2007-03-30,3.4338
2007-03-29,3.4386
2007-03-28,3.4245
2007-03-27,3.42
2007-03-26,3.42
2007-03-23,3.4235
2007-03-22,3.395
2007-03-21,3.4
2007-03-20,3.36
2007-03-19,3.337
2007-03-16,3.3042
2007-03-15,3.2876
2007-03-14,3.2332
2007-03-13,3.2051
2007-03-12,3.2278
2007-03-09,3.223
2007-03-08,3.2192
2007-03-07,3.19
2007-03-06,3.179
2007-03-05,3.1726
2007-03-02,3.1683
2007-03-01,3.1553
2007-02-28,3.1466
2007-02-27,3.1468
2007-02-26,3.12
2007-02-25,3.11
2007-02-17,3.11
2007-02-16,3.1361
2007-02-15,3.1365
2007-02-14,3.137
2007-02-13,3.1367
2007-02-12,3.1355
2007-02-09,3.1171
2007-02-08,3.0814
2007-02-07,3.0704
2007-02-06,3.0705
2007-02-05,3.0765
2007-02-02,3.0598
2007-02-01,3.0676
2007-01-31,3.0671
2007-01-30,3.0559
2007-01-29,3.0427
2007-01-26,3.0374
2007-01-25,3.032
2007-01-24,3.0267
2007-01-23,3.0373
2007-01-22,3.0277
2007-01-19,3.032
2007-01-18,3.0273
2007-01-17,3.0176
2007-01-16,3.0175
2007-01-15,3.0167
2007-01-12,3.0202
2007-01-11,3.0047
2007-01-10,3.0102
2007-01-09,3.0231
2007-01-08,3.0356
2007-01-05,3.0211
2007-01-04,3.0239
2006-12-31,3.0269
2006-12-30,3.0204
2006-12-29,3.0202
2006-12-28,3.026
2006-12-27,3.0408
2006-12-26,3.0419
2006-12-25,3.0408
2006-12-22,3.0364
2006-12-21,3.0199
2006-12-20,3.0267
2006-12-19,3.0232
2006-12-18,3.0307
2006-12-15,3.0402
2006-12-14,3.0335
2006-12-13,3.0461
2006-12-12,3.0393
2006-12-11,3.0527
2006-12-08,3.0351
2006-12-07,2.9947
2006-12-06,2.9851
2006-12-05,2.9912
2006-12-04,2.9895
2006-12-01,2.9936
2006-11-30,2.9781
2006-11-29,2.9811
2006-11-28,2.9886
2006-11-27,3.02
2006-11-24,3.0655
2006-11-23,3.0609
2006-11-22,3.0518
2006-11-21,2.9785
2006-11-20,2.9806
2006-11-17,2.9632
2006-11-16,2.9725
2006-11-15,2.9688
2006-11-14,2.9682
2006-11-13,2.9494
2006-11-10,2.9595
2006-11-09,2.972
2006-11-08,2.9781
2006-11-07,2.989
2006-11-06,2.9844
2006-11-03,2.9561
2006-11-02,2.9557
2006-11-01,2.9545
2006-10-31,2.9512
2006-10-30,2.9406
2006-10-27,2.9397
2006-10-26,2.9374
2006-10-25,2.9498
2006-10-24,2.9385
2006-10-23,2.9492
2006-10-20,2.9523
2006-10-19,2.954
2006-10-18,2.9535
2006-10-17,2.9533
2006-10-16,2.9567
2006-10-13,2.9541
2006-10-12,2.9552
2006-10-11,2.97
2006-10-10,2.99
2006-10-09,3
2006-10-08,3
2006-09-30,2.999
2006-09-29,3
2006-09-28,3
2006-09-27,3
2006-09-26,3
2006-09-25,3
2006-09-22,3.05
2006-09-21,3.11
2006-09-20,3.13
2006-09-19,3.15
2006-09-18,3.155
2006-09-15,3.17
2006-09-14,3.172
2006-09-13,3.18
2006-09-12,3.18
2006-09-11,3.2
2006-09-08,3.2
2006-09-07,3.201
2006-09-06,3.21
2006-09-05,3.225
2006-09-04,3.23
2006-09-01,3.23
2006-08-31,3.238
2006-08-30,3.24
2006-08-29,3.25
2006-08-28,3.256
2006-08-25,3.2389
2006-08-24,3.248
2006-08-23,3.251
2006-08-22,3.254
2006-08-21,3.26
2006-08-18,3.2
2006-08-17,3.24
2006-08-16,3.24
2006-08-15,3.245
2006-08-14,3.245
2006-08-11,3.255
2006-08-10,3.26
2006-08-09,3.26
2006-08-08,3.25
2006-08-07,3.25
2006-08-04,3.25
2006-08-03,3.24
2006-08-02,3.25
2006-08-01,3.25
2006-07-31,3.26
2006-07-28,3.25
2006-07-27,3.275
2006-07-26,3.25
2006-07-25,3.24
2006-07-24,3.25
2006-07-21,3.2
2006-07-20,3.2
2006-07-19,3.19
2006-07-18,3.2
2006-07-17,3.2
2006-07-14,3.235
2006-07-13,3.23
2006-07-12,3.2
2006-07-11,3.1689
2006-07-10,3.1729
2006-07-07,3.18
2006-07-06,3.172
2006-07-05,3.18
2006-07-04,3.15
2006-07-03,3.159
2006-06-30,3.165
2006-06-29,3.15
2006-06-28,3.15
2006-06-27,3.15
2006-06-26,3.15
2006-06-23,3.13
2006-06-22,3.12
2006-06-21,3.15
2006-06-20,3.1
2006-06-19,3.12
2006-06-16,3.1
2006-06-15,3.1
2006-06-14,3.09
2006-06-13,3.08
2006-06-12,3.05
2006-06-09,3.03
2006-06-08,3.05
2006-06-07,3.05
2006-06-06,3.02
2006-06-05,3.03
2006-06-02,3.05
2006-06-01,3.03
2006-05-31,3.02
2006-05-30,3.02
2006-05-29,3.03
2006-05-26,3
2006-05-25,3
2006-05-24,3
2006-05-23,3.02
2006-05-22,3
2006-05-19,2.99
2006-05-18,3
2006-05-17,3
2006-05-16,3.02
2006-05-15,3.03
2006-05-12,3.02
2006-05-11,3
2006-05-10,3
2006-05-09,3
2006-05-08,3.02
2006-04-30,3
2006-04-29,3
2006-04-28,3.01
2006-04-27,3.01
2006-04-26,3.05
2006-04-25,3.06
2006-04-24,3.05
2006-04-21,3.048
2006-04-20,3
2006-04-19,3.01
2006-04-18,3.01
2006-04-17,2.94
2006-04-14,2.95
2006-04-13,2.9405
2006-04-12,2.98
2006-04-11,2.97
2006-04-10,2.93
2006-04-07,2.9291
2006-04-06,2.94
2006-04-05,2.91
2006-04-04,2.92
2006-04-03,2.92
2006-03-31,2.94
2006-03-30,2.94
2006-03-29,2.94
2006-03-28,2.92
2006-03-27,2.92
2006-03-24,2.9
2006-03-23,2.912
2006-03-22,2.93
2006-03-21,2.92
2006-03-20,2.93
2006-03-17,2.92
2006-03-16,2.91
2006-03-15,2.91
2006-03-14,2.9
2006-03-13,2.9
2006-03-10,2.89
2006-03-09,2.88
2006-03-08,2.88
2006-03-07,2.9
2006-03-06,2.93
2006-03-03,2.87
2006-03-02,2.9
2006-03-01,2.9
2006-02-28,2.9266
2006-02-27,2.9225
2006-02-24,2.9451
2006-02-23,2.9937
2006-02-22,2.9172
2006-02-21,2.9955
2006-02-20,2.9124
2006-02-17,2.9412
2006-02-16,2.875
2006-02-15,2.9109
2006-02-14,2.8723
2006-02-13,2.8475
2006-02-10,2.8673
2006-02-09,2.8715
2006-02-08,2.9715
2006-02-07,2.9412
2006-02-06,3.0107
2006-02-05,2.9837
2006-01-28,2.9795
2006-01-27,2.9796
2006-01-26,2.9546
2006-01-25,2.9589
2006-01-24,2.9676
2006-01-23,3.0789
2006-01-20,3.0439
2006-01-19,2.9916
2006-01-18,2.9972
2006-01-17,3.0129
2006-01-16,3.0311
2006-01-13,3.0229
2006-01-12,3.0432
2006-01-11,3.0678
2006-01-10,3.0476
2006-01-09,3.0634
2006-01-06,3.0848
2006-01-05,2.9971
2006-01-04,3.072
2005-12-31,3.1216
2005-12-30,3.2236
2005-12-29,3.1746
2005-12-28,3.1641
2005-12-27,3.2485
2005-12-26,3.2171
2005-12-23,3.1474
2005-12-22,3.2789
2005-12-21,3.1296
2005-12-20,3.1905
2005-12-19,3.1542
2005-12-16,3.1767
2005-12-15,3.2145
2005-12-14,3.2309
2005-12-13,3.2956
2005-12-12,3.2389
2005-12-09,3.3271
2005-12-08,3.2844
2005-12-07,3.269
2005-12-06,3.2601
2005-12-05,3.3185
2005-12-02,3.2544
2005-12-01,3.3169
2005-11-30,3.3255
2005-11-29,3.3613
2005-11-28,3.4318
2005-11-25,3.4343
2005-11-24,3.4622
2005-11-23,3.3553
2005-11-22,3.3614
2005-11-21,3.4832
2005-11-18,3.4946
2005-11-17,3.4509
2005-11-16,3.5099
2005-11-15,3.192
2005-11-14,3.1996
2005-11-11,3.1598
2005-11-10,3.1441
2005-11-09,3.1317
2005-11-08,3.1039
2005-11-07,3.0234
2005-11-04,3.171
2005-11-03,3.0094
2005-11-02,2.979
2005-11-01,2.98
2005-10-31,3.0613
2005-10-28,2.9417
2005-10-27,2.8717
2005-10-26,2.8096
2005-10-25,2.922
2005-10-24,2.7938
2005-10-21,2.8919
2005-10-20,2.8718
2005-10-19,2.9127
2005-10-18,2.9479
2005-10-17,2.9694
2005-10-14,3.0171
2005-10-13,2.9959
2005-10-12,3.0104
2005-10-11,2.9987
2005-10-10,3.1841
2005-10-09,3.2441
2005-10-08,3.2313
2005-09-30,3.2404
2005-09-29,3.1869
2005-09-28,3.206
2005-09-27,3.3999
2005-09-26,3.3604
2005-09-23,3.2703
2005-09-22,3.208
2005-09-21,3.3698
2005-09-20,3.3878
2005-09-19,3.2322
2005-09-16,3.1838
2005-09-15,3.3103
2005-09-14,3.3046
2005-09-13,3.2859
2005-09-12,3.3343
2005-09-09,3.3622
2005-09-08,3.3796
2005-09-07,3.4427
2005-09-06,3.4421
2005-09-05,3.5278
2005-09-02,3.5395
2005-09-01,3.511
2005-08-31,3.5608
2005-08-30,3.5014
2005-08-29,3.4528
2005-08-26,3.4414
2005-08-25,3.4579
2005-08-24,3.3213
2005-08-23,3.2609
2005-08-22,3.3074
2005-08-19,3.3922
2005-08-18,3.2974
2005-08-17,3.3434
2005-08-16,3.3064
2005-08-15,3.3398
2005-08-12,3.2928
2005-08-11,3.2997
2005-08-10,3.2313
2005-08-09,3.2738
2005-08-08,3.1784
2005-08-05,3.1511
2005-08-04,3.1522
2005-08-03,3.2242
2005-08-02,3.2981
2005-08-01,3.2113
2005-07-29,3.3874
2005-07-28,3.3667
2005-07-27,3.5569
2005-07-26,3.4747
2005-07-25,3.4366
2005-07-22,3.3633
2005-07-21,3.3861
2005-07-20,3.3833
2005-07-19,3.3426
2005-07-18,3.3014
2005-07-15,3.2849
2005-07-14,3.2041
2005-07-13,3.2273
2005-07-12,3.2836
2005-07-11,3.3298
2005-07-08,3.3102
2005-07-07,3.3891
2005-07-06,3.536
2005-07-05,3.5329
2005-07-04,3.5905
2005-07-01,3.5783
2005-06-30,3.653
2005-06-29,3.5861
2005-06-28,3.6306
2005-06-27,3.7683
2005-06-24,3.5004
2005-06-23,3.421
2005-06-22,3.5291
2005-06-21,3.5434
2005-06-20,3.5217
2005-06-17,3.4813
2005-06-16,3.4959
2005-06-15,3.5681
2005-06-14,3.7634
2005-06-13,3.7023
2005-06-10,3.7272
2005-06-09,3.7642
2005-06-08,3.7747
2005-06-07,3.7696
2005-06-06,3.715
2005-06-03,3.7774
2005-06-02,3.7773
2005-06-01,3.8036
2005-05-31,3.8469
2005-05-30,3.8097
2005-05-27,3.7519
2005-05-26,3.7374
2005-05-25,3.681
2005-05-24,3.7293
2005-05-23,3.693
2005-05-20,3.7997
2005-05-19,3.843
2005-05-18,3.8757
2005-05-17,3.935
2005-05-16,3.9832
2005-05-13,3.8822
2005-05-12,3.9595
2005-05-11,3.9218
2005-05-10,3.9652
2005-05-09,4.0161
2005-05-08,4.0045
2005-04-30,4.0441
2005-04-29,4.0665
2005-04-28,4.0137
2005-04-27,4.0537
2005-04-26,4.0442
2005-04-25,3.955
2005-04-22,4.0433
2005-04-21,3.9981
2005-04-20,4.0468
2005-04-19,3.9847
2005-04-18,3.9734
2005-04-15,4.0379
2005-04-14,4.0287
2005-04-13,4.0652
2005-04-12,4.0229
2005-04-11,4.16
2005-04-08,4.0903
2005-04-07,4.0798
2005-04-06,4.1641
2005-04-05,4.1051
2005-04-04,4.1076
2005-04-01,4.2679
2005-03-31,4.1203
2005-03-30,4.1636
2005-03-29,4.3433
2005-03-28,4.3783
2005-03-25,4.4635
2005-03-24,4.4631
2005-03-23,4.5281
2005-03-22,4.4321
2005-03-21,4.4033
2005-03-18,4.4315
2005-03-17,4.4573
2005-03-16,4.5725
2005-03-15,4.5642
2005-03-14,4.5979
2005-03-11,4.6187
2005-03-10,4.6433
2005-03-09,4.6366
2005-03-08,4.7335
2005-03-07,4.7254
2005-03-04,4.7638
2005-03-03,4.6723
2005-03-02,4.7212
2005-03-01,4.7203
2005-02-28,4.8334
2005-02-25,4.6127
2005-02-24,4.713
2005-02-23,4.7866
2005-02-22,4.6593
2005-02-21,4.845
2005-02-18,4.8342
2005-02-17,4.8378
2005-02-16,4.7565
2005-02-08,4.8308
2005-02-07,4.8789
2005-02-06,4.8813
2005-02-05,4.8112
2005-02-04,4.939
2005-02-03,4.9044
2005-02-02,4.9248
2005-02-01,4.8877
2005-01-31,4.8982
2005-01-28,4.9038
2005-01-27,4.9684
2005-01-26,5.0081
2005-01-25,5.0338
2005-01-24,4.9654
2005-01-21,4.9313
2005-01-20,4.9256
2005-01-19,5.0085
2005-01-18,5.0648
2005-01-17,4.9739
2005-01-14,4.9943
2005-01-13,5.2205
2005-01-12,5.1645
2005-01-11,5.1536
2005-01-10,5.1988
2005-01-07,5.1533
2005-01-06,5.1707
2005-01-05,5.0084
2005-01-04,5.2221
2004-12-31,4.7332
2004-12-30,5.2506
2004-12-29,4.7165
2004-12-28,4.4611
2004-12-27,5.2118
2004-12-24,5.272
2004-12-23,5.3439
2004-12-22,5.2851
2004-12-21,5.317
2004-12-20,5.1804
2004-12-17,5.2252
2004-12-16,5.2419
2004-12-15,5.2611
2004-12-14,5.2528
2004-12-13,5.2915
2004-12-10,5.1744
2004-12-09,5.2732
2004-12-08,5.3685
2004-12-07,5.3266
2004-12-06,5.4127
2004-12-03,5.3427
2004-12-02,5.3109
2004-12-01,5.2554
2004-11-30,5.3419
2004-11-29,5.3187
2004-11-26,5.4071
2004-11-25,5.3029
2004-11-24,5.274
2004-11-23,5.3341
2004-11-22,5.359
2004-11-19,5.2413
2004-11-18,5.2584
2004-11-17,5.2479
2004-11-16,5.1902
2004-11-15,5.2664
2004-11-12,5.2956
2004-11-11,5.2714
2004-11-10,5.1843
2004-11-09,5.1584
2004-11-08,5.1915
2004-11-05,5.1609
2004-11-04,5.1333
2004-11-03,5.1649
2004-11-02,5.1175
2004-11-01,5.073
2004-10-29,4.8246
2004-10-28,5.1274
2004-10-27,4.9144
2004-10-26,4.9979
2004-10-25,4.9166
2004-10-22,5.0224
2004-10-21,4.9709
2004-10-20,4.9828
2004-10-19,5.0155
2004-10-18,4.976
2004-10-15,5.0177
2004-10-14,4.9812
2004-10-13,4.965
2004-10-12,5.0575
2004-10-11,5.0682
2004-10-10,5.126
2004-10-09,5.1327
2004-10-08,5.3191
2004-09-30,5.1266
2004-09-29,5.1657
2004-09-28,5.1374
2004-09-27,5.1556
2004-09-24,5.1429
2004-09-23,5.1776
2004-09-22,5.2731
2004-09-21,5.0207
2004-09-20,5.2687
2004-09-17,5.1718
2004-09-16,5.1743
2004-09-15,5.2149
2004-09-14,5.2588
2004-09-13,5.2062
2004-09-10,5.3727
2004-09-09,5.1501
2004-09-08,5.1422
2004-09-07,5.1358
2004-09-06,5.1459
2004-09-03,5.1487
2004-09-02,5.0886
2004-09-01,5.0037
2004-08-31,5.1676
2004-08-30,4.9779
2004-08-27,5.1082
2004-08-26,5.0648
2004-08-25,5.0239
2004-08-24,4.925
2004-08-23,4.8886
2004-08-20,4.9654
2004-08-19,4.9514
2004-08-18,4.9165
2004-08-17,4.2127
2004-08-16,4.761
2004-08-13,4.7084
2004-08-12,4.7544
2004-08-11,4.9325
2004-08-10,4.6546
2004-08-09,4.6375
2004-08-06,4.48
2004-08-05,4.4481
2004-08-04,4.9229
2004-08-03,4.6329
2004-08-02,4.5823
2004-07-30,4.6018
2004-07-29,4.5844
2004-07-28,4.5839
2004-07-27,4.7444
2004-07-26,4.7049
2004-07-23,4.9046
2004-07-22,4.543
2004-07-21,4.6153
2004-07-20,4.6903
2004-07-19,4.6158
2004-07-16,4.625
2004-07-15,4.9666
2004-07-14,5.0474
2004-07-13,4.8227
2004-07-12,4.6172
2004-07-09,4.4895
2004-07-08,4.6531
2004-07-07,4.6316
2004-07-06,4.4557
2004-07-05,4.4168
2004-07-02,4.5468
2004-07-01,4.4671
2004-06-30,4.348
2004-06-29,4.2664
2004-06-28,4.4138
2004-06-25,4.1599
2004-06-24,4.1205
2004-06-23,4.1158
2004-06-22,4.2854
2004-06-21,4.2874
2004-06-18,4.2855
2004-06-17,4.4614
2004-06-16,4.5856
2004-06-15,4.4172
2004-06-14,4.6821
2004-06-11,4.4333
2004-06-10,4.4352
2004-06-09,4.4238
2004-06-08,4.3123
2004-06-07,4.2625
2004-06-04,4.1287
2004-06-03,4.1249
2004-06-02,4.1946
2004-06-01,4.212
2004-05-31,4.6123
2004-05-28,4.2909
2004-05-27,4.4654
2004-05-26,4.2675
2004-05-25,4.0558
2004-05-24,4.3252
2004-05-21,4.417
2004-05-20,4.5566
2004-05-19,4.1587
2004-05-18,4.0367
2004-05-17,4.0394
2004-05-14,4.2026
2004-05-13,4.394
2004-05-12,4.4111
2004-05-11,4.4969
2004-05-10,4.4457
2004-05-09,4.0967
2004-05-08,4.157
2004-04-30,4.2841
2004-04-29,4.7672
2004-04-28,4.1827
2004-04-27,4.1195
2004-04-26,4.2202
2004-04-23,4.3191
2004-04-22,4.3105
2004-04-21,4.4034
2004-04-20,4.3421
2004-04-19,4.3781
2004-04-16,4.1717
2004-04-15,4.0298
2004-04-14,4.0197
2004-04-13,4.0871
2004-04-12,4.2585
2004-04-09,3.8125
2004-04-08,3.9325
2004-04-07,4.0357
2004-04-06,3.921
2004-04-05,3.9144
2004-04-01,3.9984
2004-03-31,3.9169
2004-03-30,3.918
2004-03-29,3.9486
2004-03-26,3.8891
2004-03-25,3.9207
2004-03-24,3.9508
2004-03-23,3.8858
2004-03-22,3.8717
2004-03-19,4.084
2004-03-18,3.8639
2004-03-17,3.8129
2004-03-16,3.7146
2004-03-15,3.8422
2004-03-12,3.9098
2004-03-11,3.8973
2004-03-10,3.8651
2004-03-09,3.8364
2004-03-08,3.7271
2004-03-05,3.8959
2004-03-04,3.7857
2004-03-03,3.9102
2004-03-02,3.9244
2004-03-01,3.8553
2004-02-27,3.8105
2004-02-26,3.7724
2004-02-25,3.8337
2004-02-24,3.7621
2004-02-23,3.8481
2004-02-20,3.8289
2004-02-19,3.8225
2004-02-18,3.8753
2004-02-17,3.8259
2004-02-16,3.7942
2004-02-13,3.8469
2004-02-12,3.8403
2004-02-11,3.6915
2004-02-10,3.8094
2004-02-09,3.8086
2004-02-06,3.9176
2004-02-05,3.8131
2004-02-04,3.9247
2004-02-03,3.8597
2004-02-02,3.8742
2004-01-30,3.8706
2004-01-29,3.7954
2004-01-21,3.7512
2004-01-20,3.7857
2004-01-19,3.7103
2004-01-18,3.8658
2004-01-17,3.7942
2004-01-16,3.7248
2004-01-15,3.7471
2004-01-14,3.6318
2004-01-13,3.9283
2004-01-12,3.7339
2004-01-09,3.8937
2004-01-08,3.8526
2004-01-07,3.7457
2004-01-06,4.2513
2004-01-05,3.8984
2004-01-02,3.1524
2003-12-31,3.3602
2003-12-30,3.7711
2003-12-29,3.8508
2003-12-26,3.7904
2003-12-25,3.9065
2003-12-24,3.7619
2003-12-23,3.6918
2003-12-22,3.739
2003-12-19,3.796
2003-12-18,3.6396
2003-12-17,3.8502
2003-12-16,3.72
2003-12-15,3.8466
2003-12-12,3.8544
2003-12-11,3.6811
2003-12-10,3.8946
2003-12-09,3.7795
2003-12-08,3.8465
2003-12-05,3.5479
2003-12-04,3.948
2003-12-03,3.8603
2003-12-02,3.9896
2003-12-01,3.8123
2003-11-28,3.933
2003-11-26,3.9439
2003-11-25,3.7882
2003-11-24,3.7557
2003-11-21,3.7608
2003-11-20,3.7358
2003-11-19,3.7764
2003-11-18,3.7474
2003-11-17,3.5571
2003-11-14,3.6561
2003-11-13,3.627
2003-11-12,3.2513
2003-11-11,3.702
2003-11-10,3.531
2003-11-07,3.423
2003-11-06,3.2523
2003-11-05,3.2197
2003-11-04,3.2792
2003-11-03,3.315
2003-10-31,3.3235
2003-10-30,3.4781
2003-10-29,3.441
2003-10-28,3.4101
2003-10-27,3.1761
2003-10-24,3.9011
2003-10-23,3.5915
2003-10-22,3.2566
2003-10-21,3.1024
2003-10-20,3.4005
2003-10-17,3.3422
2003-10-16,3.3946
2003-10-15,3.2226
2003-10-14,3.4475
2003-10-13,3.4612
2003-10-10,3.1277
2003-10-09,3.0988
2003-10-08,3.2024
2003-09-30,3.2369
2003-09-29,3.5568
2003-09-28,3.1061
2003-09-27,3.3612
2003-09-26,3.0704
2003-09-25,3.2146
2003-09-24,3.128
2003-09-23,3.3278
2003-09-22,3.1364
2003-09-19,3.0789
2003-09-18,3.018
2003-09-17,3.024
2003-09-16,2.9086
2003-09-15,2.7846
2003-09-12,2.9758
2003-09-11,2.9241
2003-09-10,2.8804
2003-09-09,2.9273
2003-09-08,3.0028
2003-09-05,2.9126
2003-09-04,2.9013
2003-09-03,2.8351
2003-09-02,2.9039
2003-09-01,2.8366
2003-08-29,2.831
2003-08-28,2.9125
2003-08-27,2.8531
2003-08-26,2.8856
2003-08-25,2.8483
2003-08-22,2.8825
2003-08-21,2.858
2003-08-20,2.8358
2003-08-19,2.8873
2003-08-14,2.8604
2003-08-13,2.8305
2003-08-12,2.9035
2003-08-11,2.9402
2003-08-07,2.975
2003-08-06,2.911
2003-08-05,2.906
2003-08-04,2.9823
2003-08-01,2.946
2003-07-31,2.9294
2003-07-30,2.935
2003-07-29,2.8954
2003-07-28,2.9299
2003-07-25,2.9083
2003-07-24,2.9626
2003-07-23,2.8749
2003-07-22,2.8903
2003-07-21,2.9592
2003-07-18,2.9065
2003-07-17,2.9423
2003-07-16,2.8744
2003-07-15,2.905
2003-07-14,2.9337
2003-07-11,2.9361
2003-07-10,3.0194
2003-07-09,3.1218
2003-07-08,2.9663
2003-07-07,2.8642
2003-07-04,2.9671
2003-07-03,3.2163
2003-07-02,2.9407
2003-07-01,2.9856
2003-06-30,3.0821
2003-06-27,3.0098
2003-06-26,2.8538
2003-06-25,2.8583
2003-06-24,2.9306
2003-06-23,3.0084
2003-06-20,2.9221
2003-06-18,2.8482
2003-06-17,2.9917
2003-06-16,2.9529
2003-06-13,2.9415
2003-06-12,2.8471
2003-06-11,2.7466
2003-06-10,2.8086
2003-06-09,2.8948
2003-06-06,2.9811
2003-06-05,2.8853
2003-06-04,2.8751
2003-06-03,2.7828
2003-06-02,2.8461
2003-05-30,2.8717
2003-05-29,2.8693
2003-05-28,2.8799
2003-05-27,2.8527
2003-05-26,2.8539
2003-05-23,2.7987
2003-05-22,2.9155
2003-05-21,2.885
2003-05-20,2.834
2003-05-19,2.8939
2003-05-16,2.662
2003-05-15,2.8648
2003-05-14,2.8497
2003-05-13,2.9153
2003-05-12,2.7021
2003-05-09,2.7416
2003-05-08,2.8743
2003-05-07,2.8652
2003-05-06,2.7789
2003-04-29,2.834
2003-04-28,2.9733
2003-04-25,2.8707
2003-04-24,3.4933
2003-04-23,2.8198
2003-04-22,3.3122
2003-04-21,2.8122
2003-04-18,2.9659
2003-04-17,3.3637
2003-04-16,2.9654
2003-04-15,2.8954
2003-04-14,3.3415
2003-04-11,3.0019
2003-04-10,3.3455
2003-04-09,2.9295
2003-04-08,2.7718
2003-04-07,2.9189
2003-04-04,2.9595
2003-04-03,2.9597
2003-04-02,2.9212
2003-04-01,2.8838
2003-03-31,2.9228
2003-03-28,3.018
2003-03-27,3.2573
2003-03-26,2.8754
2003-03-25,3.1115
2003-03-24,3.1577
2003-03-21,2.876
2003-03-20,3.1698
2003-03-19,3.1057
2003-03-18,3.0897
2003-03-17,3.1414
2003-03-14,3.0836
2003-03-13,3.4914
2003-03-12,3.201
2003-03-11,2.9064
2003-03-10,2.9959
2003-03-07,3.2311
2003-03-06,3.0171
2003-03-05,2.9242
2003-03-04,3.1687
2003-03-03,2.9806
2003-02-28,3.1225
2003-02-27,3.224
2003-02-26,3.2151
2003-02-25,3.4377
2003-02-24,2.9318
2003-02-21,3.1681
2003-02-20,3.1959
2003-02-19,3.2237
2003-02-18,3.2831
2003-02-17,3.1263
2003-02-14,3.2047
2003-02-13,3.198
2003-02-12,3.1915
2003-02-11,3.0664
2003-02-10,3.1675
2003-02-09,3.3187
2003-02-08,3.1389
2003-01-31,3.0984
2003-01-30,3.0535
2003-01-29,3.1265
2003-01-28,3.0326
2003-01-27,3.0528
2003-01-24,3.0137
2003-01-23,3.072
2003-01-22,3.0718
2003-01-21,3.2106
2003-01-20,3.1604
2003-01-17,3.2389
2003-01-16,3.2081
2003-01-15,3.1259
2003-01-14,3.1497
2003-01-13,3.0967
2003-01-10,3.1219
2003-01-09,3.3369
2003-01-08,3.1692
2003-01-07,3.1941
2003-01-06,3.2379
2003-01-03,3.1402
2003-01-02,3.0781
2002-12-31,3.1776
2002-12-30,3.4611
2002-12-27,3.5878
2002-12-26,3.232
2002-12-25,3.1451
2002-12-24,2.8596
2002-12-23,3.2778
2002-12-20,3.1941
2002-12-19,3.1929
2002-12-18,2.9758
2002-12-17,3.3332
2002-12-16,3.3202
2002-12-13,3.2664
2002-12-12,3.3755
2002-12-11,3.1962
2002-12-10,3.1527
2002-12-09,3.3361
2002-12-06,3.3433
2002-12-05,3.2596
2002-12-04,3.3227
2002-12-03,3.3357
2002-12-02,3.3229
2002-11-29,3.5248
2002-11-28,3.3
2002-11-27,3.2826
2002-11-26,3.2682
2002-11-25,3.2596
2002-11-22,3.249
2002-11-21,3.296
2002-11-20,3.2619
2002-11-19,3.2926
2002-11-18,3.2822
2002-11-15,3.2957
2002-11-14,3.3067
2002-11-13,3.302
2002-11-12,3.2886
2002-11-11,3.2947
2002-11-08,3.3773
2002-11-07,3.3167
2002-11-06,3.3012
2002-11-05,3.3014
2002-11-04,3.24
2002-11-01,3.2675
2002-10-31,2.9978
2002-10-30,3.1979
2002-10-29,3.1323
2002-10-28,2.8949
2002-10-25,3.0202
2002-10-24,2.9092
2002-10-23,3.0967
2002-10-22,3.1594
2002-10-21,3.1401
2002-10-18,2.969
2002-10-17,3.0918
2002-10-16,3.0828
2002-10-15,3.0876
2002-10-14,3.0843
2002-10-11,3.101
2002-10-10,3.0882
2002-10-09,3.1919
2002-10-08,3.1328
2002-09-30,3.1397
2002-09-29,3.3758
2002-09-28,2.9491
2002-09-27,3.1266
2002-09-26,2.9575
2002-09-25,3.2877
2002-09-24,3.0304
2002-09-23,3.0333
2002-09-20,3.2078
2002-09-19,3.2036
2002-09-18,2.9506
2002-09-17,3.2284
2002-09-16,3.1667
2002-09-13,3.5097
2002-09-12,3.0011
2002-09-11,2.9574
2002-09-10,3.3954
2002-09-09,3.497
2002-09-06,3.4072
2002-09-05,3.5311
2002-09-04,2.9627
2002-09-03,2.8736
2002-09-02,3.1491
2002-08-30,3.0595
2002-08-29,3.0539
2002-08-28,3.3262
2002-08-27,3.3321
2002-08-26,3.3751
2002-08-22,2.8007
2002-08-21,3.3991
2002-08-20,3.3896
2002-08-19,3.3411
2002-08-16,3.3451
2002-08-15,2.988
2002-08-14,3.0038
2002-08-13,2.9737
2002-08-12,3.0804
2002-08-09,3.1741
2002-08-08,2.8753
2002-08-07,2.99
2002-08-06,2.9415
2002-08-05,3.0054
2002-08-02,3.0287
2002-08-01,2.9805
2002-07-31,2.869
2002-07-30,2.8115
2002-07-29,2.7962
2002-07-26,2.8931
2002-07-25,2.7816
2002-07-24,2.9785
2002-07-23,2.8758
2002-07-22,2.9691
2002-07-19,2.9312
2002-07-18,2.7564
2002-07-17,2.7554
2002-07-16,2.7022
2002-07-15,2.8396
2002-07-12,2.5536
2002-07-11,2.5707
2002-07-10,2.5941
2002-07-09,2.5154
2002-07-08,2.5264
2002-07-05,2.6093
2002-07-04,2.5196
2002-07-03,2.6252
2002-07-02,2.5258
2002-07-01,2.5719
2002-06-28,2.5798
2002-06-27,2.5912
2002-06-26,2.6982
2002-06-25,2.7081
2002-06-24,2.4936
2002-06-21,2.4606
2002-06-20,2.4517
2002-06-19,2.4818
2002-06-18,2.3741
2002-06-17,2.4467
2002-06-14,2.4564
2002-06-13,2.4341
2002-06-12,2.4339
2002-06-11,2.4831
2002-06-10,2.4376
2002-06-07,2.6786
2002-06-06,2.4016
2002-06-05,2.8028
2002-06-04,2.7385
2002-06-03,2.3353
2002-05-31,2.381
2002-05-30,2.3924
2002-05-29,2.4199
2002-05-28,2.4178
2002-05-27,2.4462
2002-05-24,2.4983
2002-05-23,2.5547
2002-05-22,2.5476
2002-05-21,2.4961
2002-05-20,2.4837
2002-05-17,2.5423
2002-05-16,2.4959
2002-05-15,2.5035
2002-05-14,2.5447
2002-05-13,2.5072
2002-05-10,2.4972
2002-05-09,2.5192
2002-05-08,2.5363
2002-04-30,2.5022
2002-04-29,2.5363
2002-04-28,3.5186
2002-04-27,2.6304
2002-04-26,1.9775
2002-04-25,2.5478
2002-04-24,2.605
2002-04-23,2.5637
2002-04-22,2.5865
2002-04-19,2.58
2002-04-18,2.5275
2002-04-17,2.6181
2002-04-16,2.5653
2002-04-15,2.6374
2002-04-12,2.6736
2002-04-11,2.6737
2002-04-10,2.7158
2002-04-09,2.7982
2002-04-08,2.7346
2002-04-05,3.2699
2002-04-04,2.7323
2002-04-03,2.9179
2002-04-02,2.7048
2002-04-01,2.7433
2002-03-29,2.8551
2002-03-28,3.0536
2002-03-27,3.0714
2002-03-26,2.9052
2002-03-25,2.9166
2002-03-22,2.9468
2002-03-21,2.9508
2002-03-20,3.0009
2002-03-19,2.9442
2002-03-18,3.0232
2002-03-15,3.0188
2002-03-14,2.9798
2002-03-13,2.9872
2002-03-12,3.0044
2002-03-11,3.073
2002-03-08,3.0656
2002-03-07,3.084
2002-03-06,3.0864
2002-03-05,3.085
2002-03-04,3.0828
2002-03-01,3.1155
2002-02-28,3.1315
2002-02-27,3.1481
2002-02-26,3.1512
2002-02-25,3.1616
2002-02-22,3.2237
2002-02-21,3.1583
2002-02-20,3.1647
2002-02-19,3.1679
2002-02-11,3.2173
2002-02-10,3.2084
2002-02-09,3.1948
2002-02-08,3.2085
2002-02-07,3.2491
2002-02-06,3.1897
2002-02-05,3.1893
2002-02-04,3.218
2002-02-01,3.2016
2002-01-31,3.2186
2002-01-30,3.2152
2002-01-29,3.81
2002-01-28,3.1584
2002-01-25,3.0795
2002-01-24,3.2581
2002-01-23,3.1897
2002-01-22,3.3182
2002-01-21,3.2563
2002-01-18,3.2968
2002-01-17,3.4511
2002-01-16,3.4414
2002-01-15,3.5023
2002-01-14,3.5114
2002-01-11,3.4532
2002-01-10,3.5784
2002-01-09,3.5896
2002-01-08,3.5225
2002-01-07,3.2003
2002-01-04,3.2096
